"country","year","status","life_expectancy","adult_mortality","infant_deaths","alcohol","percentage_expenditure","hepatitis_b","measles","bmi","underfive_deaths","polio","total_expenditure","diphtheria","hivaids","gdp","GDP_log","population","population_log","thinness_1_19","thinness_5_9","income_composition","schooling","population_external_flag","gdp_external_flag","alcohol_imputed_flag","total_expenditure_imputed_flag","bmi_imputed_flag","thinness_1_19_imputed_flag","thinness_5_9_imputed_flag","schooling_imputed_flag","income_composition_imputed_flag","percentage_expenditure_over100_flag","hepatitis_b_over100_flag","polio_over100_flag","total_expenditure_over100_flag","diphtheria_over100_flag","thinness_1_19_over100_flag","thinness_5_9_over100_flag","adult_mortality_over1000_flag","infant_deaths_over1000_flag","measles_over1000_flag","underfive_deaths_over1000_flag","hivaids_over1000_flag"
"Afghanistan",2014,"Developing",59.9,271,64,0.01,73.52358168,62,492,18.6,86,58,8.18,62,0.1,612.696514,6.4178697301,327582,12.6994936844,17.5,17.5,0.476,10,0,0,0,0,0,0,0,0,0,0,0,0,0,0,0,0,0,0,0,0,0
"Afghanistan",2011,"Developing",59.2,275,71,0.01,7.097108703,68,3013,17.2,97,68,7.87,68,0.1,63.537231,4.151626049,2978599,14.9069636137,18.2,18.2,0.454,9.5,0,0,0,0,0,0,0,0,0,0,0,0,0,0,0,0,0,0,1,0,0
"Afghanistan",2008,"Developing",58.1,287,80,0.03,25.87392536,64,1599,15.7,110,64,8.33,64,0.1,373.3611163,5.9225460915,2729431,14.8196037205,18.8,18.9,0.433,8.7,0,0,0,0,0,0,0,0,0,0,0,0,0,0,0,0,0,0,1,0,0
"Albania",2014,"Developing",77.5,8,0,4.51,428.7490668,98,0,57.2,1,98,5.88,98,0.1,4575.763787,8.4285289118,288914,12.573884345,1.2,1.3,0.761,14.2,0,0,0,0,0,0,0,0,0,1,0,0,0,0,0,0,0,0,0,0,0
"Albania",2011,"Developing",76.6,88,0,5.37,437.0621,99,28,55.1,1,99,5.71,99,0.1,4437.17868,8.397774021,295195,12.5953914339,1.4,1.5,0.738,13.3,0,0,0,0,0,0,0,0,0,1,0,0,0,0,0,0,0,0,0,0,0
"Albania",2008,"Developing",75.3,1,1,5.61,36.62206845,99,0,52.6,1,99,5.87,99,0.1,437.539647,6.0811673234,2947314,14.8964048051,1.6,1.6,0.713,12,0,0,0,0,0,0,0,0,0,0,0,0,0,0,0,0,0,0,0,0,0
"Algeria",2014,"Developing",75.4,11,21,0.01,54.2373183,95,0,58.4,24,95,7.21,95,0.1,547.8517,6.3060046299,39113313,17.4819734529,6,5.8,0.741,14.4,0,0,0,0,0,0,0,0,0,0,0,0,0,0,0,0,0,0,0,0,0
"Algeria",2011,"Developing",74.9,116,21,0.56,509.0020405,95,112,55,24,95,5.29,95,0.1,5432.2523,8.6001091151,36819558,17.4215397294,5.9,5.8,0.724,14,0,0,0,0,0,0,0,0,0,1,0,0,0,0,0,0,0,0,0,0,0
"Algeria",2008,"Developing",74.1,126,20,0.46,43.08717334,91,217,51.8,23,92,4.2,93,0.1,495.254866,6.2050725109,3486715,15.0644705902,6,5.9,0.697,12.6,0,0,0,0,0,0,0,0,0,0,0,0,0,0,0,0,0,0,0,0,0
"Antigua and Barbuda",2014,"Developing",76.2,131,0,8.56,2422.999774,99,0,47,0,96,5.54,99,0.2,12888.29667,9.4640749437,88765,11.3937477071,3.3,3.3,0.782,13.9,1,0,0,0,0,0,0,0,0,1,0,0,0,0,0,0,0,0,0,0,0
"Antigua and Barbuda",2011,"Developing",75.7,136,0,7.84,1810.875316,99,0,45.1,0,99,5.65,99,0.1,11929.34991,9.3867570216,86332,11.3659556079,3.3,3.3,0.782,14.1,1,0,0,0,0,0,0,0,0,1,0,0,0,0,0,0,0,0,0,0,0
"Antigua and Barbuda",2008,"Developing",75.2,142,0,8.27,180.7762695,98,0,43.2,0,99,4.69,99,0.1,1473.31923,7.295273114,82912,11.3255350834,3.4,3.3,0.786,14.4,1,0,0,0,0,0,0,0,0,1,0,0,0,0,0,0,0,0,0,0,0
"Argentina",2014,"Developing",76.2,118,8,7.93,847.3717463,94,1,62.2,9,92,4.79,94,0.1,12245.25645,9.4128939124,42981515,17.5762806975,1,0.9,0.825,17.3,0,0,0,0,0,0,0,0,0,1,0,0,0,0,0,0,0,0,0,0,0
"Argentina",2011,"Developing",75.7,12,9,8.11,1504.329462,91,3,6.4,10,93,5.89,91,0.1,12726.9836,9.4514797114,41656879,17.544977075,1,0.9,0.816,17.1,0,0,0,0,0,0,0,0,0,1,0,0,0,0,0,0,0,0,0,0,0
"Argentina",2008,"Developing",75.4,126,10,8.41,1413.73543,9,0,58.6,11,94,6.66,93,0.1,8953.359275,9.0997840788,4382389,15.2931045674,1,0.9,0.792,16.3,0,0,0,0,0,0,0,0,0,1,0,0,0,0,0,0,0,0,0,0,0
"Australia",2014,"Developed",82.7,6,1,9.71,10769.36305,91,340,66.1,1,92,9.42,92,0.1,62214.6912,11.0383464438,2346694,14.6685180871,0.6,0.6,0.936,20.4,0,0,0,0,0,0,0,0,0,1,0,0,0,0,0,0,0,0,0,0,0
"Australia",2011,"Developed",82,63,1,10.3,10986.26527,92,190,64.4,1,92,9.2,92,0.1,62245.129,11.0388355623,223424,12.3168265905,0.6,0.6,0.927,19.8,0,0,0,0,0,0,0,0,0,1,0,0,0,0,0,0,0,0,0,0,0
"Australia",2008,"Developed",81.3,66,1,10.76,8547.292357,94,65,62.9,1,92,8.78,92,0.1,49664.6854,10.8130494042,212492,12.2666596196,0.7,0.6,0.921,19.1,0,0,0,0,0,0,0,0,0,1,0,0,0,0,0,0,0,0,0,0,0
"Austria",2014,"Developed",81.4,66,0,12.32,8350.193523,98,117,57.1,0,98,11.21,98,0.1,51322.63997,10.8458872588,8541575,15.960455975,1.8,2,0.892,15.9,0,0,0,0,0,0,0,0,0,1,0,0,0,0,0,0,0,0,0,0,0
"Austria",2011,"Developed",88,73,0,12.04,8272.306757,89,68,55.7,0,89,1.94,89,0.1,51126.74139,10.8420629542,8391643,15.9427468876,1.7,2,0.88,15.7,0,0,0,0,0,0,0,0,0,1,0,0,0,0,0,0,0,0,0,0,0
"Austria",2008,"Developed",84,76,0,12,8329.731655,83,448,54.2,0,83,1.6,83,0.1,51386.37665,10.8471283706,8321496,15.9343526043,1.7,1.9,0.864,15.1,0,0,0,0,0,0,0,0,0,1,0,0,0,0,0,0,0,0,0,0,0
"Azerbaijan",2014,"Developing",72.5,119,5,0.01,306.1824313,94,0,51.5,6,97,6.4,94,0.1,7891.299776,8.9735161374,953579,13.7679775532,2.8,2.9,0.752,12.2,0,0,0,0,0,0,0,0,0,1,0,0,0,0,0,0,0,0,0,0,0
"Azerbaijan",2011,"Developing",71.6,125,5,1.98,263.142699,84,0,48.8,6,91,5.1,87,0.1,7189.691229,8.8804035053,917382,13.7292792403,2.8,2.9,0.741,11.7,0,0,0,0,0,0,0,0,0,1,0,0,0,0,0,0,0,0,0,0,0
"Azerbaijan",2008,"Developing",73,141,6,1.18,206.2616134,68,5,46.6,6,85,4.37,81,0.1,5574.6382,8.6259826974,87634,11.3809243295,2.8,2.9,0.719,11.6,0,0,0,0,0,0,0,0,0,1,0,0,0,0,0,0,0,0,0,0,0
"Bahamas",2014,"Developing",75.4,16,0,9.45,0,96,0,63.8,0,96,7.74,96,0.1,29137.2175632622,10.2797715901,382298,12.8539556882,2.5,2.5,0.789,12.6,1,1,0,0,0,0,0,0,0,0,0,0,0,0,0,0,0,0,0,0,0
"Bahamas",2011,"Developing",75,162,0,9.34,0,95,0,62,0,97,7.63,98,0.1,27090.7031735485,10.2069458917,371729,12.8259203732,2.5,2.5,0.788,12.6,1,1,0,0,0,0,0,0,0,0,0,0,0,0,0,0,0,0,0,0,0
"Bahamas",2008,"Developing",74.5,167,0,10.15,0,9,0,6.1,0,93,7.3,93,0.1,29392.3824416397,10.2884908191,358120,12.7886234047,2.5,2.5,0.791,12.6,1,1,0,0,0,0,0,0,0,0,0,0,0,0,0,0,0,0,0,0,0
"Bahrain",2014,"Developing",76.8,7,0,1.57,367.2556742,98,46,62.9,0,98,4.98,98,0.1,24983.3792,10.1259660508,1314562,14.0890140883,6.1,6,0.82,14.5,1,0,0,0,0,0,0,0,0,1,0,0,0,0,0,0,0,0,0,0,0
"Bahrain",2011,"Developing",76.1,76,0,1.66,197.7734681,99,0,6.8,0,99,3.4,99,0.1,2281.1242,7.7324236706,1195020,13.9936734796,6.1,6,0.812,14.4,1,0,0,0,0,0,0,0,0,1,0,0,0,0,0,0,0,0,0,0,0
"Bahrain",2008,"Developing",75.8,76,0,2,231.5478912,97,2,58.5,0,97,3.17,97,0.1,2367.56535,7.7696174276,1103496,13.9139938798,6,5.9,0.815,14.4,1,0,0,0,0,0,0,0,0,1,0,0,0,0,0,0,0,0,0,0,0
"Bangladesh",2014,"Developing",71.4,132,98,0.01,10.44640334,97,289,17.7,121,97,2.82,97,0.1,184.56543,5.2180040348,15945279,16.5846733559,18.1,18.6,0.57,10,0,0,0,0,0,0,0,0,0,0,0,0,0,0,0,0,0,0,0,0,0
"Bangladesh",2011,"Developing",73,14,118,0.01,62.34988484,96,5625,15.8,150,96,3.16,96,0.1,835.789341,6.7283765969,153911916,18.8518910227,18.7,19.2,0.545,9.4,0,0,0,0,0,0,0,0,0,0,0,0,0,0,0,0,0,0,1,0,0
"Bangladesh",2008,"Developing",69.1,147,144,0.01,42.48865034,96,2660,14,186,96,2.85,96,0.1,615.7775411,6.4228857637,14885814,16.5159192369,19.3,19.9,0.52,8.6,0,0,0,0,0,0,0,0,0,0,0,0,0,0,0,0,0,0,1,0,0
"Barbados",2014,"Developing",75.4,1,0,8.82,294.9056584,94,0,53.7,0,95,7.47,94,0.1,15359.66971,9.6395005032,278348,12.5366274084,3.8,3.7,0.793,15.3,1,0,0,0,0,0,0,0,0,1,0,0,0,0,0,0,0,0,0,0,0
"Barbados",2011,"Developing",74.9,14,0,8.51,173.9825629,91,0,51.4,0,91,6.67,91,0.1,15534.1574,9.6507965815,276139,12.5286596411,3.8,3.8,0.78,15.5,1,0,0,0,0,0,0,0,0,1,0,0,0,0,0,0,0,0,0,0,0
"Barbados",2008,"Developing",74.4,111,0,8.95,25.52277112,85,0,49.2,0,85,6.1,85,0.1,1657.3228,7.4129588084,272714,12.516178906,3.9,3.9,0.775,15.3,1,0,0,0,0,0,0,0,0,0,0,0,0,0,0,0,0,0,0,0,0
"Belarus",2014,"Developing",72,199,0,13.94,1147.1114,97,64,61.7,0,97,5.69,97,0.1,8318.429294,9.0262287292,9474511,16.0641156981,1.9,2,0.796,15.7,0,0,0,0,0,0,0,0,0,1,0,0,0,0,0,0,0,0,0,0,0
"Belarus",2011,"Developing",72,232,0,17.31,846.9113071,98,50,59.9,1,98,4.92,98,0.1,6519.71753,8.7825863304,9473172,16.0639743616,2,2.1,0.787,15.5,0,0,0,0,0,0,0,0,0,1,0,0,0,0,0,0,0,0,0,0,0
"Belarus",2008,"Developing",70,224,1,14.67,501.8056141,98,0,58.2,1,98,5.95,97,0.1,6376.183153,8.7603249454,9527985,16.0697438157,2.1,2.3,0.755,15.1,0,0,0,0,0,0,0,0,0,1,0,0,0,0,0,0,0,0,0,0,0
"Belgium",2014,"Developed",89,76,0,12.6,7163.348923,98,70,63.4,1,99,1.59,99,0.1,47439.39684,10.7672083194,112957,11.6347624943,1,1,0.89,16.3,0,0,0,0,0,0,0,0,0,1,0,0,0,0,0,0,0,0,0,0,0
"Belgium",2011,"Developed",83,8,0,10.11,713.5297354,97,576,62.3,1,98,1.42,98,0.1,4772.77415,8.4706829976,1147744,13.9533088345,0.9,0.9,0.884,16.1,0,0,0,0,0,0,0,0,0,1,0,0,0,0,0,0,0,0,0,0,0
"Belgium",2008,"Developed",79.5,87,0,10.47,7191.051507,98,98,61.3,1,99,9.6,99,0.1,48424.58927,10.7877630065,179973,12.1005621186,0.8,0.8,0.874,15.8,0,0,0,0,0,0,0,0,0,1,0,0,0,0,0,0,0,0,0,0,0
"Belize",2014,"Developing",70,177,0,6.58,670.0920883,95,0,5.1,0,95,5.79,95,0.2,4852.223666,8.4871923667,351694,12.7705167583,3.4,3.4,0.705,12.8,0,0,0,0,0,0,0,0,0,1,0,0,0,0,0,0,0,0,0,0,0
"Belize",2011,"Developing",69.4,188,0,6.64,605.6286892,95,0,47.8,0,95,5.61,95,0.5,4516.24675,8.4154365628,329192,12.7043964462,3.5,3.4,0.7,12.4,0,0,0,0,0,0,0,0,0,1,0,0,0,0,0,0,0,0,0,0,0
"Belize",2008,"Developing",69.6,181,0,7.22,51.25232422,94,0,45.7,0,94,5.9,94,0.1,447.22796,6.1030684422,36165,10.4958470793,3.5,3.4,0.699,12.8,0,0,0,0,0,0,0,0,0,0,0,0,0,0,0,0,0,0,0,0,0
"Bhutan",2014,"Developing",69.4,216,0,0.01,209.3921344,99,0,23.6,1,98,3.57,99,0.5,2522.7968,7.8331234064,776448,13.5624849522,15.7,16.2,0.596,12.5,0,0,0,0,0,0,0,0,0,1,0,0,0,0,0,0,0,0,0,0,0
"Bhutan",2011,"Developing",68.3,225,0,0.23,289.8524057,95,10,21.1,1,95,4.73,95,0.5,2458.45976,7.807290319,7451,8.9161035306,16.3,17,0.572,11.9,0,0,0,0,0,0,0,0,0,1,0,0,0,0,0,0,0,0,0,0,0
"Bhutan",2008,"Developing",67,234,1,0.21,302.667579,96,7,18.8,1,96,6.58,96,0.4,1795.18137,7.4928613376,795,6.6783421147,17.1,17.8,0,10.5,0,0,0,0,0,0,0,0,0,1,0,0,0,0,0,0,0,0,0,0,0
"Bosnia and Herzegovina",2014,"Developing",77.2,89,0,4.03,732.8662491,89,3000,55.3,0,86,9.57,86,0.1,5193.94932,8.5552496348,35662,10.4818409751,2.4,2.4,0.742,14.2,0,0,0,0,0,0,0,0,0,1,0,0,0,0,0,0,0,0,1,0,0
"Bosnia and Herzegovina",2011,"Developing",76.9,92,0,4.64,7.959131146,88,10,53.7,0,89,9.71,88,0.1,55.156834,4.0101806546,3688865,15.1208293806,2.6,2.5,0.711,13.4,0,0,0,0,0,0,0,0,0,0,0,0,0,0,0,0,0,0,0,0,0
"Bosnia and Herzegovina",2008,"Developing",76,98,0,5.13,66.04635027,88,8,52.1,0,92,8.58,91,0.1,575.31664,6.3549205675,3763599,15.1408862384,2.8,2.7,0.71,13.1,0,0,0,0,0,0,0,0,0,0,0,0,0,0,0,0,0,0,0,0,0
"Botswana",2014,"Developing",65.1,268,2,0.01,662.802194,95,1,37.3,2,96,5.41,95,2.3,7497.762376,8.9223599051,2168573,14.5895799055,6.7,6.4,0.697,12.6,0,0,0,0,0,0,0,0,0,1,0,0,0,0,0,0,0,0,0,0,0
"Botswana",2011,"Developing",62.2,325,2,5.76,668.9562854,95,8,35.7,3,96,5.25,95,5.5,7645.21469,8.9418352004,251339,12.4345579045,7.7,7.4,0.678,12.4,0,0,0,0,0,0,0,0,0,1,0,0,0,0,0,0,0,0,0,0,0
"Botswana",2008,"Developing",57.5,427,2,6.56,476.8625872,94,0,34.2,3,96,5.55,96,12.7,5623.379566,8.6346881084,1946351,14.4814668955,8.8,8.6,0.646,12.1,0,0,0,0,0,0,0,0,0,1,0,0,0,0,0,0,0,0,0,0,0
"Brazil",2014,"Developing",74.8,144,44,7.32,83.16465362,96,876,55.3,49,96,8.32,93,0.1,1226.61731,7.1120155053,24213133,17.0024057299,2.7,2.7,0.747,15.2,0,0,0,0,0,0,0,0,0,0,0,0,0,0,0,0,0,0,0,0,0
"Brazil",2011,"Developing",74.1,152,51,7.58,1084.999766,98,43,52.8,57,98,8.9,99,0.1,13167.47289,9.4855048925,198686688,19.1072397098,2.9,2.8,0.724,14,0,0,0,0,0,0,0,0,0,1,0,0,0,0,0,0,0,0,0,0,0
"Brazil",2008,"Developing",73.4,158,61,7.21,526.3780636,96,0,5.3,68,99,8.24,99,0.1,8787.61375,9.0810984806,19297929,16.7755083424,3,3,0.704,13.3,0,0,0,0,0,0,0,0,0,1,0,0,0,0,0,0,0,0,0,0,0
"Brunei Darussalam",2014,"Developing",77.6,8,0,0.01,269.1432784,99,1,4.2,0,99,2.65,99,0.1,4159.8652,8.3332379489,416750,12.9402418006,5.7,5.2,0.863,15,1,0,0,0,0,0,0,0,0,1,0,0,0,0,0,0,0,0,0,0,0
"Brunei Darussalam",2011,"Developing",77.4,79,0,0.97,295.7730171,93,4,37.2,0,99,2.25,97,0.1,4717.273,8.4589861574,399389,12.8976911583,5.9,5.4,0.846,14.1,1,0,0,0,0,0,0,0,0,1,0,0,0,0,0,0,0,0,0,0,0
"Brunei Darussalam",2008,"Developing",77.2,84,0,0.67,2538.941033,96,3,34.2,0,97,2.23,98,0.1,37951.286,10.5440586689,377793,12.8421017056,6.1,5.6,0.84,14.2,1,0,0,0,0,0,0,0,0,1,0,0,0,0,0,0,0,0,0,0,0
"Bulgaria",2014,"Developed",74.3,138,1,12.03,153.1400362,95,0,65.1,1,88,8.44,88,0.1,7853.335191,8.9686935856,7223938,15.7929107915,1.9,1.9,0.787,14.8,0,0,0,0,0,0,0,0,0,1,0,0,0,0,0,0,0,0,0,0,0
"Bulgaria",2011,"Developed",73.7,144,1,10.67,875.1495189,96,157,63.3,1,95,6.88,95,0.1,7813.83499,8.9636511582,7348328,15.8099833623,2,2,0.775,14.2,0,0,0,0,0,0,0,0,0,1,0,0,0,0,0,0,0,0,0,0,0
"Bulgaria",2008,"Developed",72.9,155,1,10.98,107.9826127,96,1,61.5,1,96,6.61,95,0.1,7296.122479,8.8950983188,7492561,15.8294212196,2.1,2.1,0.761,13.8,0,0,0,0,0,0,0,0,0,1,0,0,0,0,0,0,0,0,0,0,0
"Burkina Faso",2014,"Developing",59.3,268,39,0.01,8.386339501,91,343,18.8,63,91,4.96,91,0.6,75.1464113,4.3194383612,17585977,16.6826123811,8.2,7.7,0.398,7.7,0,0,0,0,0,0,0,0,0,0,0,0,0,0,0,0,0,0,0,0,0
"Burkina Faso",2011,"Developing",58.1,275,42,4.51,85.55592906,91,860,17.1,71,9,5.17,91,0.9,666.842783,6.5025543105,168194,12.0328733541,8.8,8.4,0.377,6.7,0,0,0,0,0,0,0,0,0,0,0,0,0,0,0,0,0,0,0,0,0
"Burkina Faso",2008,"Developing",56.1,288,45,4.5,107.7988339,93,395,15.6,80,92,6.77,93,1.5,569.7612784,6.3452174633,14689726,16.5026588958,9.5,9.1,0.345,5.4,0,0,0,0,0,0,0,0,0,1,0,0,0,0,0,0,0,0,0,0,0
"Côte d'Ivoire",2014,"Developing",52.8,47,58,0.01,0,76,50,27.4,80,76,5.72,76,2,1888.27616788235,7.5434196114,24527395,17.0153012141,5.6,5.6,NA,NA,1,1,0,0,0,0,0,0,0,0,0,0,0,0,0,0,0,0,0,0,0
"Côte d'Ivoire",2011,"Developing",51.7,419,60,3.13,0,62,628,25.6,83,58,6.42,62,3.3,1245.85385477658,7.127576401,22982000,16.9502218588,6.1,6,NA,NA,1,1,0,0,0,0,0,0,0,0,0,0,0,0,0,0,0,0,0,0,0
"Côte d'Ivoire",2008,"Developing",54,437,60,2.69,0,74,12,23.8,85,58,6.21,74,4.1,1130.54109296953,7.0304516404,21514439,16.8842348491,6.6,6.6,NA,NA,1,1,0,0,0,0,0,0,0,0,0,0,0,0,0,0,0,0,0,0,0
"Cabo Verde",2014,"Developing",73,117,0,0.01,414.0242418,97,0,3.5,0,95,4.76,95,0.2,3529.61843,8.1689450506,526437,13.1738869453,6.8,6.7,0.643,13.5,0,0,0,0,0,0,0,0,0,1,0,0,0,0,0,0,0,0,0,0,0
"Cabo Verde",2011,"Developing",72.6,122,0,5.07,4.409153436,9,0,28.2,0,9,4.6,9,0.3,367.429453,5.9065313356,5867,8.6770987089,7.3,7.2,0.632,13.1,0,0,0,0,0,0,0,0,0,0,0,0,0,0,0,0,0,0,0,0,0
"Cabo Verde",2008,"Developing",72.4,124,0,4.16,360.6208825,98,0,26.2,0,99,3.96,99,0.4,3638.95946,8.1994530571,491723,13.1056708288,7.8,7.8,0.615,12.2,0,0,0,0,0,0,0,0,0,1,0,0,0,0,0,0,0,0,0,0,0
"Cameroon",2014,"Developing",56.7,366,47,0.01,61.39263642,87,831,28.4,71,86,4.1,87,3.7,1441.1417,7.2731909257,2223994,14.6148152365,5.7,5.7,0.507,10.4,0,0,0,0,0,0,0,0,0,0,0,0,0,0,0,0,0,0,0,0,0
"Cameroon",2011,"Developing",55.6,371,51,6.19,83.18071241,82,504,26.6,79,8,3.96,82,4.9,1295.649726,7.1667675672,252447,12.4389566047,6,6,0.486,10,0,0,0,0,0,0,0,0,0,0,0,0,0,0,0,0,0,0,0,0,0
"Cameroon",2008,"Developing",54.2,382,56,5.9,68.7073044,84,495,24.9,87,82,5.18,84,6.7,1233.524316,7.1176306488,18978,9.8510356925,6.4,6.5,0.466,8.8,0,0,0,0,0,0,0,0,0,0,0,0,0,0,0,0,0,0,0,0,0
"Canada",2014,"Developing",82,65,2,8.1,102.1902168,55,418,66.4,2,91,1.45,91,0.1,544.43376,6.2997462821,35544564,17.3862977911,0.5,0.5,0.912,15.9,0,0,0,0,0,0,0,0,0,1,0,0,0,0,0,0,0,0,0,0,0
"Canada",2011,"Developing",81.5,68,2,8.2,971.9280384,7,803,64.7,2,87,1.82,87,0.1,5282.2176,8.5721012885,3434278,15.0493172723,0.5,0.5,0.903,15.9,0,0,0,0,0,0,0,0,0,1,0,0,0,0,0,0,0,0,0,0,0
"Canada",2008,"Developing",87,74,2,8.3,8433.936814,28,62,63,2,89,1.3,92,0.1,46596.33599,10.7492771902,33245773,17.3194381892,0.5,0.4,0.897,15.8,0,0,0,0,0,0,0,0,0,1,0,0,0,0,0,0,0,0,0,0,0
"Central African Republic",2014,"Developing",58,437,15,0.01,53.43964323,47,210,22.1,22,47,4.2,47,4.5,377.132274,5.9325959853,4515392,15.3230025628,8.4,8.3,0.345,7.1,0,0,0,0,0,0,0,0,0,0,0,0,0,0,0,0,0,0,0,0,0
"Central African Republic",2011,"Developing",49.8,443,16,1.66,58.52947463,47,679,2.7,24,47,3.73,47,5.8,494.336779,6.2032170238,4476153,15.3142745301,8.8,8.8,0.361,6.8,0,0,0,0,0,0,0,0,0,0,0,0,0,0,0,0,0,0,0,0,0
"Central African Republic",2008,"Developing",47.6,477,17,1.52,67.34137528,NA,12,19.4,25,46,4.3,45,8.3,456.8614334,6.1243801357,4345386,15.2846251505,9.3,9.2,0.338,6.3,0,0,0,0,0,0,0,0,0,0,0,0,0,0,0,0,0,0,0,0,0
"Chad",2014,"Developing",52.6,362,46,0.01,11.3020668,37,1275,18.7,78,44,3.62,37,2.9,125.998515,4.8362701212,13569438,16.4233306161,8.7,8.5,0.39,7.3,0,0,0,0,0,0,0,0,0,0,0,0,0,0,0,0,0,0,1,0,0
"Chad",2011,"Developing",51.6,365,46,0.56,67.76269089,33,8650,17.5,79,4,3.17,33,3.9,989.2363633,6.8969332953,12288651,16.3241867115,9.2,9.1,0.37,6.7,0,0,0,0,0,0,0,0,0,0,0,0,0,0,0,0,0,0,1,0,0
"Chad",2008,"Developing",49.6,394,46,0.45,49.09198224,17,63,16.4,80,3,2.92,19,4.7,929.772391,6.8349398153,11133861,16.2255015634,9.8,9.7,0.338,6,0,0,0,0,0,0,0,0,0,0,0,0,0,0,0,0,0,0,0,0,0
"Chile",2014,"Developing",83,83,2,7.16,2352.999591,95,0,63.1,2,95,7.79,95,0.1,14817.37778,9.6035559453,17613798,16.6841931301,0.8,0.8,0.841,16.2,0,0,0,0,0,0,0,0,0,1,0,0,0,0,0,0,0,0,0,0,0
"Chile",2011,"Developing",79.8,86,2,7.26,211.614293,94,6,61.2,2,93,7,94,0.1,1475.69242,7.2968825959,17153357,16.6577044559,0.8,0.8,0.82,15.4,0,0,0,0,0,0,0,0,0,1,0,0,0,0,0,0,0,0,0,0,0
"Chile",2008,"Developing",79.6,88,2,7.31,241.5533381,95,0,59.3,2,95,6.87,95,0.1,1781.3668,7.4851362138,16661942,16.6286377545,0.9,0.9,0.804,15.2,0,0,0,0,0,0,0,0,0,1,0,0,0,0,0,0,0,0,0,0,0
"Colombia",2014,"Developing",74.6,144,11,4.38,1435.487755,9,0,57.2,12,9,7.2,9,0.1,7913.383432,8.9763107104,47791911,17.6823669572,2.1,1.9,0.72,13.6,0,0,0,0,0,0,0,0,0,1,0,0,0,0,0,0,0,0,0,0,0
"Colombia",2011,"Developing",74.2,144,12,4.37,184.3073618,85,6,55,14,85,6.64,85,0.1,7227.73968,8.8856816356,4646646,15.351656227,2.2,2,0.7,13,0,0,0,0,0,0,0,0,0,1,0,0,0,0,0,0,0,0,0,0,0
"Colombia",2008,"Developing",73.5,146,14,4.45,978.07041,92,0,52.8,16,92,6.62,92,0.1,5433.7245,8.6003800894,4491544,15.3177070759,2.3,2,0.683,12.2,0,0,0,0,0,0,0,0,0,1,0,0,0,0,0,0,0,0,0,0,0
"Comoros",2014,"Developing",63.2,23,1,0.01,73.86584922,88,0,23.7,2,87,6.75,87,0.8,852.954379,6.7487060631,759385,13.5402641741,6.8,6.6,0.497,11.1,0,0,0,0,0,0,0,0,0,0,0,0,0,0,0,0,0,0,0,0,0
"Comoros",2011,"Developing",62.2,241,2,0.12,59.6596497,83,3,22.1,2,85,6.1,83,0.2,829.7586885,6.7211349218,76569,11.2459475741,7,6.8,0.479,10.6,0,0,0,0,0,0,0,0,0,0,0,0,0,0,0,0,0,0,0,0,0
"Comoros",2008,"Developing",61,255,2,0.12,93.36788979,81,0,2.6,2,81,5.13,81,0.1,795.97519,6.679568017,657229,13.3957877908,7.2,7.1,0.461,10.2,0,0,0,0,0,0,0,0,0,0,0,0,0,0,0,0,0,0,0,0,0
"Costa Rica",2014,"Developing",79.5,96,1,3.45,384.5129138,91,1,59.5,1,91,9.31,91,0.1,1647.44179,7.4069789334,4757575,15.3752486426,1.7,1.7,0.768,13.9,0,0,0,0,0,0,0,0,0,1,0,0,0,0,0,0,0,0,0,0,0
"Costa Rica",2011,"Developing",79,98,1,3.41,2429.854745,84,0,56.5,1,82,9.73,85,0.1,9186.59639,9.1255007866,46474,10.7466482954,1.8,1.7,0.752,13.4,0,0,0,0,0,0,0,0,0,1,0,0,0,0,0,0,0,0,0,0,0
"Costa Rica",2008,"Developing",78.9,99,1,4.22,1859.095621,89,0,53.4,1,89,9.1,9,0.1,6911.136136,8.8408893223,442958,13.0012302364,1.9,1.8,0.74,12.9,0,0,0,0,0,0,0,0,0,1,0,0,0,0,0,0,0,0,0,0,0
"Croatia",2014,"Developed",77.8,97,0,12.14,1884.098811,95,0,63.1,0,95,7.8,95,0.1,13467.46827,9.5080322985,4238389,15.2596938022,1.5,1.5,0.82,15.1,0,0,0,0,0,0,0,0,0,1,0,0,0,0,0,0,0,0,0,0,0
"Croatia",2011,"Developed",77,14,0,12.19,1913.356642,97,12,61.3,0,96,7.8,96,0.1,14539.18421,9.5846026429,428622,12.9683306906,1.6,1.5,0.808,14.5,0,0,0,0,0,0,0,0,0,1,0,0,0,0,0,0,0,0,0,0,0
"Croatia",2008,"Developed",76,116,0,12.06,2425.403891,97,51,59.4,0,96,7.7,96,0.1,15893.8656,9.6736885024,443458,13.002358375,1.7,1.7,0.8,14.3,0,0,0,0,0,0,0,0,0,1,0,0,0,0,0,0,0,0,0,0,0
"Cuba",2014,"Developing",79,93,1,4.37,13.6691019,97,0,6.7,1,99,11.6,99,0.1,75.5199,4.3243961977,11285775,16.2390536411,3.4,3.3,0.772,14,1,0,0,0,0,0,0,0,0,0,0,0,0,0,0,0,0,0,0,0,0
"Cuba",2011,"Developing",78.8,92,1,4.14,102.0645784,96,0,58.4,1,99,1.6,97,0.1,675.92436,6.5160811763,11301571,16.2404523006,3.4,3.2,0.78,16.5,1,0,0,0,0,0,0,0,0,1,0,0,0,0,0,0,0,0,0,0,0
"Cuba",2008,"Developing",77.9,12,1,4.26,708.6157966,95,0,56.2,1,99,1.79,95,0.1,5376.447622,8.5897831418,11291762,16.2395839913,3.4,3.2,0.771,17.1,1,0,0,0,0,0,0,0,0,1,0,0,0,0,0,0,0,0,0,0,0
"Democratic Republic of the Congo",2014,"Developing",59.3,266,237,0.01,0,8,33711,21.1,312,79,4.33,8,1.1,489.175952344137,6.1927222455,78403242,18.1773758365,9.7,9.5,NA,NA,1,1,0,0,0,0,0,0,0,0,0,0,0,0,0,0,0,0,1,0,0
"Democratic Republic of the Congo",2011,"Developing",57.9,278,239,1.82,0,74,133802,19.6,319,77,3.53,74,1.6,372.514273876388,5.9202753562,70849311,18.0760657993,1.2,1,NA,NA,1,1,0,0,0,0,0,0,0,0,0,0,0,0,0,0,0,0,1,0,0
"Democratic Republic of the Congo",2008,"Developing",56.3,295,237,2.09,0,65,12461,18.2,324,64,4.46,65,1.8,307.320512713736,5.7278912183,64390664,17.9804792116,1.8,1.7,NA,NA,1,1,0,0,0,0,0,0,0,0,0,0,0,0,0,0,0,0,1,0,0
"Denmark",2014,"Developed",84,73,0,9.64,10468.76292,NA,27,58.4,0,94,1.8,94,0.1,62425.5392,11.0417297527,5643475,15.5460105685,1.1,0.9,0.926,19.2,0,0,0,0,0,0,0,0,0,1,0,0,0,0,0,0,0,0,0,0,0
"Denmark",2011,"Developed",79.7,79,0,10.47,10251.10872,NA,84,57.4,0,91,1.87,91,0.1,61753.667,11.0309086373,557572,13.231346922,1.1,0.9,0.91,16.9,0,0,0,0,0,0,0,0,0,1,0,0,0,0,0,0,0,0,0,0,0
"Denmark",2008,"Developed",78.8,88,0,10.7,10761.18209,NA,14,56.3,0,88,1.18,88,0.1,64322.6664,11.0716673582,5493621,15.5190981589,1.1,0.9,0.906,16.8,0,0,0,0,0,0,0,0,0,1,0,0,0,0,0,0,0,0,0,0,0
"Djibouti",2014,"Developing",63,252,1,0.38,24.73299655,78,0,34.4,1,78,1.57,78,2.1,174.91511,5.1643007705,912164,13.7235750775,5.6,5.4,0.467,6.3,0,0,0,0,0,0,0,0,0,0,0,0,0,0,0,0,0,0,0,0,0
"Djibouti",2011,"Developing",61.8,268,1,0.39,20.35974738,87,49,32.7,2,87,8.71,87,2.7,143.986898,4.9697223093,865937,13.6715674366,5.6,5.5,0.451,5.9,0,0,0,0,0,0,0,0,0,0,0,0,0,0,0,0,0,0,0,0,0
"Djibouti",2008,"Developing",62,289,1,0.49,171.7686449,88,143,31.3,2,89,8.5,89,3.3,1214.77118,7.1023110088,822934,13.620631282,5.7,5.6,0.427,5,0,0,0,0,0,0,0,0,0,1,0,0,0,0,0,0,0,0,0,0,0
"Dominican Republic",2014,"Developing",73.6,154,6,5.92,1088.244952,89,0,57.9,7,9,4.38,91,0.3,6268.692122,8.7433230189,145844,11.8902928363,3.3,3.2,0.712,13.2,0,0,0,0,0,0,0,0,0,1,0,0,0,0,0,0,0,0,0,0,0
"Dominican Republic",2011,"Developing",73.1,16,6,5.91,843.7876995,8,2,54.7,7,84,4.22,84,0.7,5759.643,8.6586307726,12795,9.4568097486,3.3,3.2,0.703,13,0,0,0,0,0,0,0,0,0,1,0,0,0,0,0,0,0,0,0,0,0
"Dominican Republic",2008,"Developing",73.3,161,6,6.12,49.09241952,81,0,51.5,8,86,4.2,82,1.4,511.37937,6.2371117218,963652,13.7784855126,3.4,3.3,0.692,12.8,0,0,0,0,0,0,0,0,0,0,0,0,0,0,0,0,0,0,0,0,0
"Ecuador",2014,"Developing",76,121,6,3.82,79.11626341,83,0,53.5,7,84,9.16,83,0.1,6432.216537,8.7690744759,1593112,14.281199894,1.2,1.1,0.737,14,0,0,0,0,0,0,0,0,0,0,0,0,0,0,0,0,0,0,0,0,0
"Ecuador",2011,"Developing",75.3,131,7,3.99,344.7412164,88,257,51.4,8,85,5.92,88,0.1,5223.351763,8.560894575,15177355,16.5353150723,1.3,1.2,0.71,13.2,0,0,0,0,0,0,0,0,0,1,0,0,0,0,0,0,0,0,0,0,0
"Ecuador",2008,"Developing",74.6,139,7,3.76,197.9303077,93,1,49.3,9,94,5.66,96,0.1,4274.95265,8.3605283053,14447562,16.4860362386,1.3,1.2,0.698,13,0,0,0,0,0,0,0,0,0,1,0,0,0,0,0,0,0,0,0,0,0
"Egypt",2014,"Developing",78,161,53,0.21,0,94,1314,6.2,62,94,5.64,94,0.1,3085.75067989322,8.034550239,97528654,18.39565678,2.8,2.8,0.686,13.1,1,1,0,0,0,0,0,0,0,0,0,0,0,0,0,0,0,0,1,0,0
"Egypt",2011,"Developing",74,168,55,0.22,0,96,26,57.8,64,96,5.4,96,0.1,2536.96945678993,7.8387255204,91093059,18.3273921683,2.9,2.9,0.671,12.4,1,1,0,0,0,0,0,0,0,0,0,0,0,0,0,0,0,0,0,0,0
"Egypt",2008,"Developing",69.8,172,54,0.24,0,97,668,55.5,65,97,4.82,97,0.1,1919.80899734909,7.5599809795,85864789,18.2682843961,3.1,3,0.651,11.9,1,1,0,0,0,0,0,0,0,0,0,0,0,0,0,0,0,0,0,0,0
"El Salvador",2014,"Developing",73.3,181,2,2.52,665.7260253,93,0,55.4,2,93,6.77,94,0.2,3988.771871,8.2912386607,6281189,15.6530698517,1.6,1.6,0.676,13.2,0,0,0,0,0,0,0,0,0,1,0,0,0,0,0,0,0,0,0,0,0
"El Salvador",2011,"Developing",72,197,2,2.37,549.2783081,89,0,53.4,2,9,6.81,89,0.3,3736.58713,8.2259279417,619256,13.3362740364,1.7,1.6,0.666,13,0,0,0,0,0,0,0,0,0,1,0,0,0,0,0,0,0,0,0,0,0
"El Salvador",2008,"Developing",71.7,194,2,2.68,53.95949877,98,0,51.4,3,98,6.21,98,0.3,357.347674,5.8787091846,61131,11.0207743815,1.8,1.7,0.659,13.4,0,0,0,0,0,0,0,0,0,0,0,0,0,0,0,0,0,0,0,0,0
"Equatorial Guinea",2014,"Developing",57.9,32,3,0.01,13.40477417,2,13,24,4,24,3.8,2,4.4,192.59733,5.2606016363,1129424,13.9372183262,8.5,8.4,0.582,9.2,0,0,0,0,0,0,0,0,0,0,0,0,0,0,0,0,0,0,0,0,0
"Equatorial Guinea",2011,"Developing",56.2,344,3,10.99,1493.051277,NA,0,22.6,4,39,3.29,41,7.7,21451.88617,9.9735678538,99429,11.5071991006,8.9,8.8,0.58,9.2,0,0,0,0,0,0,0,0,0,1,0,0,0,0,0,0,0,0,0,0,0
"Equatorial Guinea",2008,"Developing",55.4,338,3,8.34,1705.678619,NA,436,21.3,4,55,2.31,42,6.3,22742.38159,10.0319854931,868418,13.6744284445,9.3,9.3,0.592,9.1,0,0,0,0,0,0,0,0,0,1,0,0,0,0,0,0,0,0,0,0,0
"Eritrea",2014,"Developing",64.4,261,5,0.01,0,94,127,18,8,94,3.34,94,0.4,841.385649959296,6.7350501161,3095173,14.9453543591,8.5,8.3,0.416,5,1,1,0,0,0,0,0,0,0,0,0,0,0,0,0,0,0,0,0,0,0
"Eritrea",2011,"Developing",62.9,286,6,0.62,20.97991915,96,48,16.5,8,96,3.6,96,0.7,582.775532,6.3678020899,447469,13.0113625406,8.8,8.7,0.405,5,0,0,0,0,0,0,0,0,0,0,0,0,0,0,0,0,0,0,0,0,0
"Eritrea",2008,"Developing",67,322,6,0.49,11.76572311,94,0,15.1,9,94,3.69,94,1.1,326.825642,5.7894268238,4232636,15.2583355248,9.1,9.1,0.406,5.2,0,0,0,0,0,0,0,0,0,0,0,0,0,0,0,0,0,0,0,0,0
"Estonia",2014,"Developing",77.3,122,0,0.01,2700.07305,93,0,59.4,0,93,6.38,93,0.1,19941.45532,9.9005560258,1314545,14.0890011561,1.9,1.9,0.86,16.5,0,0,0,0,0,0,0,0,0,1,0,0,0,0,0,0,0,0,0,0,0
"Estonia",2011,"Developing",76.1,138,0,0.01,2146.945741,94,7,58,0,93,5.83,93,0.1,17454.84342,9.767372449,1327439,14.09876208,1.9,2,0.838,16.4,0,0,0,0,0,0,0,0,0,1,0,0,0,0,0,0,0,0,0,0,0
"Estonia",2008,"Developing",74.2,167,0,16.99,225.0723618,94,0,56.7,0,95,6.6,95,0.1,1894.5485,7.5467358306,13379,9.5014415925,2,2.1,0.835,16.1,0,0,0,0,0,0,0,0,0,1,0,0,0,0,0,0,0,0,0,0,0
"Fiji",2014,"Developing",69.7,19,0,0.01,50.539484,99,0,61.9,0,99,4.49,99,0.1,546.3728,6.3033015266,88586,11.3917291106,4,3.7,0.727,15.2,0,0,0,0,0,0,0,0,0,0,0,0,0,0,0,0,0,0,0,0,0
"Fiji",2011,"Developing",69.2,197,0,0.01,401.7931045,99,0,59.5,0,99,4.6,99,0.1,4353.121392,8.3786484281,86786,11.3712005973,4,3.7,0.709,14.7,0,0,0,0,0,0,0,0,0,1,0,0,0,0,0,0,0,0,0,0,0
"Fiji",2008,"Developing",68.7,26,0,1.95,81.04656111,99,0,57.3,0,99,3.68,99,0.1,4177.657789,8.3375060309,84334,11.3425403841,4,3.7,0.7,14.3,0,0,0,0,0,0,0,0,0,0,0,0,0,0,0,0,0,0,0,0,0
"France",2014,"Developing",82.2,79,3,11.5,6739.677606,83,267,62,3,98,11.54,98,0.1,42955.24287,10.6679139891,66331957,18.0101823451,0.6,0.6,0.89,16.2,0,0,0,0,0,0,0,0,0,1,0,0,0,0,0,0,0,0,0,0,0
"France",2011,"Developing",81.7,83,3,11.8,683.9190568,74,14949,6.6,3,99,11.33,99,0.1,4381.288,8.3850980241,65342776,17.9951574487,0.6,0.6,0.882,16.1,0,0,0,0,0,0,0,0,0,1,0,0,0,0,0,0,0,0,1,0,0
"France",2008,"Developing",89,88,3,11.9,7002.785925,47,604,59.1,3,98,1.57,98,0.1,45413.6571,10.723568156,6437499,15.6776506686,0.6,0.6,0.877,16.1,0,0,0,0,0,0,0,0,0,1,0,0,0,0,0,0,0,0,0,0,0
"Gabon",2014,"Developing",65.5,237,2,0.01,715.2816939,7,33,35.8,3,68,3.44,7,2.8,9692.163874,9.17907299,1875713,14.4444994118,6.1,6,0.687,12.6,0,0,0,0,0,0,0,0,0,1,0,0,0,0,0,0,0,0,0,0,0
"Gabon",2011,"Developing",62.8,289,2,8.9,133.5223672,75,2,34.1,3,75,3.12,75,6,1716.2258,7.4478828565,169711,12.0418522694,6.4,6.3,0.664,12.5,0,0,0,0,0,0,0,0,0,1,0,0,0,0,0,0,0,0,0,0,0
"Gabon",2008,"Developing",61.6,298,2,8.75,11.05422474,82,3,32.4,3,81,2.54,82,8.9,194.2746,5.2692726222,1536411,14.244959735,6.8,6.6,0.651,12.4,0,0,0,0,0,0,0,0,0,0,0,0,0,0,0,0,0,0,0,0,0
"Georgia",2014,"Developing",74.5,125,1,6.13,221.482875,91,3188,55.3,1,91,7.42,91,0.1,4429.6575,8.3960775463,3727,8.2233588995,2.7,2.8,0.759,13.5,0,0,0,0,0,0,0,0,0,1,0,0,0,0,0,0,0,0,1,0,0
"Georgia",2011,"Developing",73.9,127,1,8.14,198.94876,89,64,52.8,1,88,9.38,94,0.1,3725.63221,8.2229918372,3875,8.2623009418,2.6,2.8,0.742,13.3,0,0,0,0,0,0,0,0,0,1,0,0,0,0,0,0,0,0,0,0,0
"Georgia",2008,"Developing",73.9,128,1,7.17,151.762567,89,56,5.5,1,9,8.99,92,0.1,3174.9491,8.0630468797,43,3.7612001157,2.6,2.8,0.735,13.1,0,0,0,0,0,0,0,0,0,1,0,0,0,0,0,0,0,0,0,0,0
"Germany",2014,"Developed",89,69,2,11.03,941.7562909,88,443,61.9,3,94,11.3,95,0.1,4792.65288,8.4748393743,89825,11.405618612,1.1,1.1,0.92,17,0,0,0,0,0,0,0,0,0,1,0,0,0,0,0,0,0,0,0,0,0
"Germany",2011,"Developed",85,74,2,11.2,869.790735,88,1607,6.4,3,94,1.93,95,0.1,4681.32796,8.4513371008,8274983,15.9287474248,1.1,1.1,0.912,16.8,0,0,0,0,0,0,0,0,0,1,0,0,0,0,0,0,0,0,1,0,0
"Germany",2008,"Developed",79.9,8,2,11.36,8285.264655,87,917,59,3,95,1.39,96,0.1,45699.19832,10.7298360345,821197,13.6185183109,1.1,1.1,0.903,16.6,0,0,0,0,0,0,0,0,0,1,0,0,0,0,0,0,0,0,0,0,0
"Greece",2014,"Developing",88,73,0,7.53,2163.043414,96,1,66,0,99,8.8,99,0.1,21673.7817,9.9838585925,1892413,14.4533632923,0.8,0.7,0.862,17.2,0,0,0,0,0,0,0,0,0,1,0,0,0,0,0,0,0,0,0,0,0
"Greece",2011,"Developing",85,76,0,8.02,3192.887363,95,40,64.3,0,99,9.77,99,0.1,25916.29353,10.1626271437,1114899,13.9242743758,0.8,0.7,0.86,16.7,0,0,0,0,0,0,0,0,0,1,0,0,0,0,0,0,0,0,0,0,0
"Greece",2008,"Developing",79.9,77,0,9.51,3682.88717,95,1,62.4,0,99,9.76,99,0.1,31997.2821,10.3734062438,1177841,13.9791936596,0.8,0.7,0.853,15.9,0,0,0,0,0,0,0,0,0,1,0,0,0,0,0,0,0,0,0,0,0
"Grenada",2014,"Developing",73.5,143,0,8.42,789.2764615,97,0,47.4,0,81,6.1,97,0.1,8569.776998,9.05599699,114132,11.6451109523,3.8,3.8,0.749,15.8,1,0,0,0,0,0,0,0,0,1,0,0,0,0,0,0,0,0,0,0,0
"Grenada",2011,"Developing",72.9,15,0,7.84,11.56715633,94,0,44.7,0,95,6.35,95,0.1,741.48438,6.6086540959,112079,11.6269592588,3.8,3.8,0.741,15.8,1,0,0,0,0,0,0,0,0,0,0,0,0,0,0,0,0,0,0,0,0
"Grenada",2008,"Developing",72.1,162,0,8.92,754.9597129,99,0,42.4,0,99,5.76,99,0.1,7946.944346,8.9805427748,110896,11.6163481042,3.8,3.9,0,15.4,1,0,0,0,0,0,0,0,0,1,0,0,0,0,0,0,0,0,0,0,0
"Guatemala",2014,"Developing",71.7,187,10,1.88,657.5282797,73,0,49.9,13,65,6.2,73,0.4,3687.763767,8.2127755281,15923559,16.5833102687,1.2,1.2,0.614,10.7,0,0,0,0,0,0,0,0,0,1,0,0,0,0,0,0,0,0,0,0,0
"Guatemala",2011,"Developing",71.1,193,11,2.16,457.7745845,88,0,47.9,14,88,6.28,88,0.4,3187.845296,8.0671005118,14948919,16.5201495475,1.2,1.2,0.609,10.5,0,0,0,0,0,0,0,0,0,1,0,0,0,0,0,0,0,0,0,0,0
"Guatemala",2008,"Developing",79,19,13,2.21,472.2234994,95,0,45.9,15,96,6.65,95,0.4,2794.22189,7.9353089533,146366,11.8938656131,1.3,1.3,0.589,10.4,0,0,0,0,0,0,0,0,0,1,0,0,0,0,0,0,0,0,0,0,0
"Guinea",2014,"Developing",58.1,299,27,0.01,50.57976483,51,175,22.7,41,42,5.64,51,0.5,561.997387,6.3314972004,118559,11.6831660059,7.5,7.4,0.412,8.6,0,0,0,0,0,0,0,0,0,0,0,0,0,0,0,0,0,0,0,0,0
"Guinea",2011,"Developing",58.1,29,28,0.22,42.2547904,63,11,21.2,43,63,4.73,63,2,459.2912,6.1296844316,113517,11.6397078844,8,8,0.385,8.4,0,0,0,0,0,0,0,0,0,0,0,0,0,0,0,0,0,0,0,0,0
"Guinea",2008,"Developing",56.8,33,30,0.21,19.68510257,57,89,19.8,47,59,3.21,6,2.3,437.4467238,6.0809549242,1323142,14.0955197692,8.6,8.6,0.371,7.9,0,0,0,0,0,0,0,0,0,0,0,0,0,0,0,0,0,0,0,0,0
"Guyana",2014,"Developing",66,217,0,7.64,4.141293345,98,0,45.9,1,97,5.25,98,0.3,43.82321,3.7801635857,763393,13.5455282497,5.5,5.3,0.636,10.3,0,0,0,0,0,0,0,0,0,0,0,0,0,0,0,0,0,0,0,0,0
"Guyana",2011,"Developing",65.6,229,0,7.56,536.2332523,93,0,43.2,1,93,6.8,93,0.4,3439.597513,8.1431097415,7491,8.9214575789,5.6,5.3,0.624,10.3,0,0,0,0,0,0,0,0,0,1,0,0,0,0,0,0,0,0,0,0,0
"Guyana",2008,"Developing",66.3,218,1,7.32,493.3279293,93,0,4.9,1,93,7.46,93,0.8,2576.124957,7.8540415942,746314,13.5229017022,5.6,5.4,0.618,10.7,0,0,0,0,0,0,0,0,0,1,0,0,0,0,0,0,0,0,0,0,0
"Haiti",2014,"Developing",63.1,245,14,0.01,5.103249438,48,0,48.8,19,55,7.56,48,0.5,83.1148117,4.4202229254,1572466,14.2681556457,3.9,3.9,0.487,9.1,0,0,0,0,0,0,0,0,0,0,0,0,0,0,0,0,0,0,0,0,0
"Haiti",2011,"Developing",62.3,259,15,5.68,4.106484317,NA,0,45.3,20,67,1.41,68,1.5,74.9358452,4.3166323501,114554,11.6488016065,4,4,0.47,8.7,0,0,0,0,0,0,0,0,0,0,0,0,0,0,0,0,0,0,0,0,0
"Haiti",2008,"Developing",62.1,259,16,5.95,63.83195683,NA,0,41.8,22,64,5.92,63,2.4,674.7564147,6.5143517586,97529,11.4879050487,4.2,4.2,0.462,8.4,0,0,0,0,0,0,0,0,0,0,0,0,0,0,0,0,0,0,0,0,0
"Hungary",2014,"Developed",75.6,137,0,0.01,160.9449342,NA,0,64.2,0,99,7.4,99,0.1,14117.97668,9.5552042062,9866468,16.1046524953,1.7,1.6,0.834,15.8,0,0,0,0,0,0,0,0,0,1,0,0,0,0,0,0,0,0,0,0,0
"Hungary",2011,"Developed",74.8,15,0,11.51,17.82121883,NA,5,62.4,1,99,7.84,99,0.1,1448.87958,7.2785458333,9971727,16.1152643466,1.7,1.7,0.821,15.4,0,0,0,0,0,0,0,0,0,0,0,0,0,0,0,0,0,0,0,0,0
"Hungary",2008,"Developed",74.1,165,1,11.64,181.7634078,NA,0,6.5,1,99,7.33,99,0.1,15669.25929,9.6594560649,138188,11.8363703559,1.9,1.9,0.812,15.3,0,0,0,0,0,0,0,0,0,1,0,0,0,0,0,0,0,0,0,0,0
"Iceland",2014,"Developed",82.5,49,0,7.45,8254.020763,NA,0,6.6,0,9,8.86,9,0.1,52473.11356,10.8680561947,327386,12.6988951819,1,0.9,0.915,19,0,0,0,0,0,0,0,0,0,1,0,0,0,0,0,0,0,0,0,0,0
"Iceland",2011,"Developed",82.1,51,0,8.13,7.0480925,NA,0,59.3,0,95,8.65,95,0.1,46.217,3.8333476958,31914,10.370800064,0.9,0.9,0.894,18.6,0,0,0,0,0,0,0,0,0,0,0,0,0,0,0,0,0,0,0,0,0
"Iceland",2008,"Developed",81.4,58,0,8.49,7613.814999,NA,0,58.1,0,98,8.8,98,0.1,55575.29196,10.9254939923,317414,12.6679621945,0.9,0.9,0.892,18.2,0,0,0,0,0,0,0,0,0,1,0,0,0,0,0,0,0,0,0,0,0
"India",2014,"Developing",68,184,957,3.07,86.52153895,79,79563,18.1,1200,84,4.69,85,0.2,1573.11889,7.3608154819,1293859294,20.9808952899,26.8,27.4,0.607,11.6,0,0,0,0,0,0,0,0,0,0,0,0,0,0,0,0,0,0,1,1,0
"India",2011,"Developing",66.8,193,1100,3,64.6059005,44,33634,16.4,1500,79,4.33,82,0.2,1461.671957,7.2873362355,124723629,18.6416108795,26.9,27.7,0.58,10.8,0,0,0,0,0,0,0,0,0,0,0,0,0,0,0,0,0,1,1,1,0
"India",2008,"Developing",65.5,23,1300,1.93,43.03043312,29,44258,14.9,1800,69,4.34,7,0.3,991.484634,6.8992034501,119714696,18.6006219366,27,27.9,0.556,10.2,0,0,0,0,0,0,0,0,0,0,0,0,0,0,0,0,0,1,1,1,0
"Iran (Islamic Republic of)",2014,"Developing",75.4,83,19,0.01,0,99,99,58.5,22,99,6.89,99,0.1,5796.10993932324,8.6649422714,81502045,18.2161386699,8.3,8.4,0.77,14.9,1,1,0,0,0,0,0,0,0,0,0,0,0,0,0,0,0,0,0,0,0
"Iran (Islamic Republic of)",2011,"Developing",74.7,93,22,0.03,0,99,73,54.8,25,99,7.12,99,0.1,8287.02378318071,9.0224461708,78383598,18.1771252542,7.9,8.1,0.745,13.1,1,1,0,0,0,0,0,0,0,0,0,0,0,0,0,0,0,0,0,0,0
"Iran (Islamic Republic of)",2008,"Developing",72.7,135,24,0.02,0,99,127,51.4,28,99,6.28,99,0.1,5700.18899179369,8.6482546097,75514204,18.139831329,7.6,7.8,0.716,12.1,1,1,0,0,0,0,0,0,0,0,0,0,0,0,0,0,0,0,0,0,0
"Iraq",2014,"Developing",67.9,199,32,0.01,43.5240801,62,1317,58.5,39,67,5.54,64,0.1,673.74737,6.5128552187,3568,8.1797604937,5.3,5.1,0.658,10.1,0,0,0,0,0,0,0,0,0,0,0,0,0,0,0,0,0,0,1,0,0
"Iraq",2011,"Developing",77,144,32,0.17,285.119726,77,15,56.5,39,8,3.32,79,0.1,5854.614497,8.6749854322,3172753,14.9701102232,5.3,5.1,0.649,10.4,0,0,0,0,0,0,0,0,0,1,0,0,0,0,0,0,0,0,0,0,0
"Iraq",2008,"Developing",69.3,167,32,0.17,192.1562998,66,5494,54.5,38,71,3.93,69,0.1,4521.3247,8.4165603051,29111417,17.186640992,5.4,5.1,0.638,10.3,0,0,0,0,0,0,0,0,0,1,0,0,0,0,0,0,0,0,1,0,0
"Ireland",2014,"Developed",81.2,66,0,10.75,746.3670453,95,33,62.1,0,96,7.78,96,0.1,5553.32623,8.6221523479,4617225,15.3453044332,0.3,0.2,0.91,18.6,0,0,0,0,0,0,0,0,0,1,0,0,0,0,0,0,0,0,0,0,0
"Ireland",2011,"Developed",84,7,0,11.72,6386.95437,95,285,59.7,0,95,8.15,95,0.1,52567.52568,10.8698538256,4576794,15.336509311,0.3,0.2,0.909,18.5,0,0,0,0,0,0,0,0,0,1,0,0,0,0,0,0,0,0,0,0,0
"Ireland",2008,"Developed",79.8,75,0,12.66,9528.230574,NA,57,57.4,0,93,8.64,93,0.1,61235.415,11.0224809776,4489544,15.3172616955,0.3,0.2,0.908,17.9,0,0,0,0,0,0,0,0,0,1,0,0,0,0,0,0,0,0,0,0,0
"Israel",2014,"Developing",82.2,6,1,2.62,4348.33531,97,6,64.6,1,95,7.81,95,0.1,37582.84624,10.5343030083,82157,11.3163873298,1.2,1.1,0.895,16,0,0,0,0,0,0,0,0,0,1,0,0,0,0,0,0,0,0,0,0,0
"Israel",2011,"Developing",81.8,61,1,2.67,3793.161624,98,70,63.4,1,94,7.39,94,0.1,33657.15727,10.4239810099,77658,11.2600698497,1.2,1.1,0.883,15.8,0,0,0,0,0,0,0,0,0,1,0,0,0,0,0,0,0,0,0,0,0
"Israel",2008,"Developing",81,65,1,2.47,471.5533294,99,931,62.1,1,94,7.33,94,0.1,29657.4421,10.2974683712,7388,8.9076123413,1.1,1.1,0.877,15.8,0,0,0,0,0,0,0,0,0,1,0,0,0,0,0,0,0,0,0,0,0
"Italy",2014,"Developed",82.5,57,2,7.56,4831.644796,95,0,63.1,2,95,9.25,95,0.1,35396.66517,10.4743728904,678914,13.4282497417,0.6,0.6,0.877,16.3,0,0,0,0,0,0,0,0,0,1,0,0,0,0,0,0,0,0,0,0,0
"Italy",2011,"Developed",82,6,2,6.98,5439.691769,96,5189,61.5,2,96,9.27,96,0.1,38334.68477,10.5541103729,59379449,17.899458748,0.5,0.5,0.872,16.4,0,0,0,0,0,0,0,0,0,1,0,0,0,0,0,0,0,0,1,0,0
"Italy",2008,"Developed",81.5,61,2,7.96,66.37840495,96,1617,59.9,2,96,8.89,96,0.1,464.18465,6.1402824257,58826731,17.8901069184,0.5,0.5,0.866,16.3,0,0,0,0,0,0,0,0,0,0,0,0,0,0,0,0,0,0,1,0,0
"Jamaica",2014,"Developing",75.8,133,1,3.83,427.3054534,92,0,53.5,1,93,5.36,92,0.5,4855.743789,8.4879175696,286287,12.5647500831,1.8,1.7,0.727,12.8,0,0,0,0,0,0,0,0,0,1,0,0,0,0,0,0,0,0,0,0,0
"Jamaica",2011,"Developing",75.2,139,1,3.58,33.17529686,92,1,51.2,1,93,5.21,92,0.6,513.549487,6.2413463967,2829493,14.8556081016,1.8,1.7,0.722,12.8,0,0,0,0,0,0,0,0,0,0,0,0,0,0,0,0,0,0,0,0,0
"Jamaica",2008,"Developing",74.5,145,1,3.51,31.76575838,92,2,48.9,1,91,5.4,91,0.4,492.492378,6.1994789844,279122,12.5394042412,1.9,1.7,0.718,12.6,0,0,0,0,0,0,0,0,0,0,0,0,0,0,0,0,0,0,0,0,0
"Japan",2014,"Developed",83.5,57,2,0.01,88.83362243,NA,462,28.6,3,99,1.23,96,0.1,3896.21151,8.2677599523,127276,11.7541132357,2,1.7,0.899,15.3,0,0,0,0,0,0,0,0,0,0,0,0,0,0,0,0,0,0,0,0,0
"Japan",2011,"Developed",82.5,64,3,7.39,9498.729062,NA,434,27.4,4,96,1.7,97,0.1,48167.99727,10.7824501225,127833,11.7584800036,1.9,1.6,0.884,15.1,0,0,0,0,0,0,0,0,0,1,0,0,0,0,0,0,0,0,0,0,0
"Japan",2008,"Developed",82.7,66,3,7.11,7313.175418,NA,11015,25.9,4,98,8.6,98,0.1,39339.29757,10.5799792364,12863,9.4621102521,1.8,1.5,0.88,15,0,0,0,0,0,0,0,0,0,1,0,0,0,0,0,0,0,0,1,0,0
"Jordan",2014,"Developing",74,113,4,0.41,63.8784522,98,20,64.8,4,98,7.45,98,0.1,466.94775,6.146217367,88936,11.3956722889,3.9,3.9,0.737,13.1,0,0,0,0,0,0,0,0,0,0,0,0,0,0,0,0,0,0,0,0,0
"Jordan",2011,"Developing",73.6,116,4,0.43,68.86623298,98,0,62.4,4,98,8.39,98,0.1,387.324145,5.9592619264,7574943,15.8403563846,3.8,3.9,0.737,13.1,0,0,0,0,0,0,0,0,0,0,0,0,0,0,0,0,0,0,0,0,0
"Jordan",2008,"Developing",73.1,119,4,0.61,535.2786404,97,2,6.1,4,98,8.78,97,0.1,3385.69665,8.1273149692,6489822,15.6857456615,3.8,3.8,0.739,13.6,0,0,0,0,0,0,0,0,0,1,0,0,0,0,0,0,0,0,0,0,0
"Kenya",2014,"Developing",62.9,255,56,0.01,170.9626624,92,354,21.3,79,93,5.72,92,2.9,1335.6458,7.1971701992,462425,13.0442396606,7.8,7.7,0.546,11.1,0,0,0,0,0,0,0,0,0,1,0,0,0,0,0,0,0,0,0,0,0
"Kenya",2011,"Developing",61.2,278,60,1.8,109.7051836,96,2395,19.5,86,97,5.23,96,3.4,987.4453967,6.8951212008,42486839,17.5647049153,8.1,7.9,0.53,11.1,0,0,0,0,0,0,0,0,0,1,0,0,0,0,0,0,0,0,1,0,0
"Kenya",2008,"Developing",57.9,339,64,1.71,60.5153506,88,1282,17.9,95,88,3.9,88,6.4,916.8992515,6.8209975987,39148416,17.4828705198,8.3,8.2,0.506,10.4,0,0,0,0,0,0,0,0,0,0,0,0,0,0,0,0,0,0,1,0,0
"Kiribati",2014,"Developing",66.1,2,0,0.01,97.87193319,75,0,77.1,0,79,1.21,75,0.1,1684.54274,7.429249435,11458,9.346443455,0.1,0.1,0.597,11.9,0,0,0,0,0,0,0,0,0,0,0,0,0,0,0,0,0,0,0,0,0
"Kiribati",2011,"Developing",65.5,26,0,0.53,30.46703899,95,0,75.7,0,95,1.42,99,0.1,1692.613277,7.4340289314,14656,9.5926050869,0.1,0.1,0.585,11.9,0,0,0,0,0,0,0,0,0,0,0,0,0,0,0,0,0,0,0,0,0
"Kiribati",2008,"Developing",65.1,21,0,0.46,167.6201552,83,0,74.1,0,74,12.23,82,0.1,1413.3234,7.2536992312,9844,9.1946174115,0.2,0.1,0.572,11.6,0,0,0,0,0,0,0,0,0,1,0,0,0,0,0,0,0,0,0,0,0
"Kuwait",2014,"Developing",74.6,82,0,0.01,2480.896965,96,55,7.8,1,94,3.4,95,0.1,42996.4812,10.6688735588,3665876,15.1145778825,3.4,3.4,0.787,13,1,0,0,0,0,0,0,0,0,1,0,0,0,0,0,0,0,0,0,0,0
"Kuwait",2011,"Developing",74.2,85,1,0.02,2785.097712,99,32,69,1,99,2.62,99,0.1,48268.5912,10.7845363424,3132814,14.9574422002,3.3,3.2,0.792,13.4,1,0,0,0,0,0,0,0,0,1,0,0,0,0,0,0,0,0,0,0,0
"Kuwait",2008,"Developing",73.8,88,1,0.03,2078.392748,99,0,67.5,1,99,1.93,99,0.1,55571.9986,10.9254347311,2651421,14.7906062807,3.3,3.1,0.787,13.8,1,0,0,0,0,0,0,0,0,1,0,0,0,0,0,0,0,0,0,0,0
"Kyrgyzstan",2014,"Developing",78,17,3,0.01,0,96,318,43.9,4,95,6.48,96,0.1,1266.14080539498,7.1437288172,5905848,15.5914536044,3.3,3.4,0.656,12.8,1,1,0,0,0,0,0,0,0,0,0,0,0,0,0,0,0,0,0,0,0
"Kyrgyzstan",2011,"Developing",69.4,188,4,3.28,0,96,222,41.4,4,94,6.18,96,0.2,1107.82503669737,7.0101539457,5546587,15.5286933416,3.2,3.3,0.632,12.1,1,1,0,0,0,0,0,0,0,0,0,0,0,0,0,0,0,0,0,0,0
"Kyrgyzstan",2008,"Developing",67.6,217,4,2.53,0,97,16,39.5,4,95,6.7,95,0.2,962.085112647945,6.8691029214,5318729,15.486744923,3.3,3.4,0.624,12.6,1,1,0,0,0,0,0,0,0,0,0,0,0,0,0,0,0,0,0,0,0
"Lao People's Democratic Republic",2014,"Developing",65.3,199,8,0.01,0,88,339,2.9,11,88,1.87,88,0.2,1981.03910901765,7.5913767886,6703172,15.7180914052,8.9,9,0.573,10.6,1,1,0,0,0,0,0,0,0,0,0,0,0,0,0,0,0,0,0,0,0
"Lao People's Democratic Republic",2011,"Developing",64,213,9,5.39,0,78,113,18.7,13,79,2.2,78,0.3,1386.49071114325,7.2345311655,6426590,15.6759546289,9.2,9.4,0.542,9.9,1,1,0,0,0,0,0,0,0,0,0,0,0,0,0,0,0,0,0,0,0
"Lao People's Democratic Republic",2008,"Developing",62.6,228,10,5.1,0,61,174,16.7,14,6,2.77,61,0.2,932.58147985814,6.8379565256,6148969,15.6317949835,9.6,9.7,0.518,9.2,1,1,0,0,0,0,0,0,0,0,0,0,0,0,0,0,0,0,0,0,0
"Lebanon",2014,"Developing",74.8,99,1,1.32,140.3771361,81,112,65.4,1,75,6.39,81,0.1,8161.4614,9.0071785251,563279,13.2415303439,4.8,4.9,0.763,13.3,0,0,0,0,0,0,0,0,0,1,0,0,0,0,0,0,0,0,0,0,0
"Lebanon",2011,"Developing",75,93,1,1.57,835.0626827,81,9,64,1,75,7.12,81,0.1,8734.9653,9.07508925,4588368,15.3390349633,4.7,4.7,0.758,13.2,0,0,0,0,0,0,0,0,0,1,0,0,0,0,0,0,0,0,0,0,0
"Lebanon",2008,"Developing",74.5,98,1,1.67,69.13924862,81,24,62.5,1,75,8.7,81,0.1,712.775759,6.5691668674,411147,12.9267060938,4.7,4.7,0.74,13.1,0,0,0,0,0,0,0,0,0,0,0,0,0,0,0,0,0,0,0,0,0
"Lesotho",2014,"Developing",52.1,522,4,0.01,162.1278115,93,0,32,6,9,1.62,93,9.4,1174.839214,7.0688865781,2145785,14.5790160108,5.8,5.6,0.491,10.8,0,0,0,0,0,0,0,0,0,1,0,0,0,0,0,0,0,0,0,0,0
"Lesotho",2011,"Developing",52.3,52,4,2.39,195.825251,96,172,3.2,6,95,11.79,96,10.5,1352.38433,7.209624484,264166,12.4843329724,6.8,6.6,0.469,11,0,0,0,0,0,0,0,0,0,1,0,0,0,0,0,0,0,0,0,0,0
"Lesotho",2008,"Developing",47.8,592,5,2.75,91.85432774,88,0,28.8,6,86,8.85,88,27.3,934.428563,6.8399351799,199993,12.2060376449,8,7.8,0.447,10.7,0,0,0,0,0,0,0,0,0,0,0,0,0,0,0,0,0,0,0,0,0
"Liberia",2014,"Developing",58.1,329,8,0.01,54.37396957,5,34,26.7,11,49,1.4,5,0.9,458.4651734,6.1278843311,439737,12.9939320999,6.7,6.5,0.426,9.9,0,0,0,0,0,0,0,0,0,0,0,0,0,0,0,0,0,0,0,0,0
"Liberia",2011,"Developing",62,266,9,3.72,60.44658161,77,279,25,12,77,11.23,77,1.5,379.689583,5.939354032,47167,10.7614497745,7.2,7,0.406,9.5,0,0,0,0,0,0,0,0,0,0,0,0,0,0,0,0,0,0,0,0,0
"Liberia",2008,"Developing",58.6,281,10,3.88,40.03344077,64,1,23.4,14,79,11.83,75,2.4,232.61732,5.4493946999,3662993,15.1137911308,7.7,7.6,0.394,9.8,0,0,0,0,0,0,0,0,0,0,0,0,0,0,0,0,0,0,0,0,0
"Libya",2014,"Developing",72.4,143,2,0.01,0,94,372,63.8,2,94,4.97,94,0.1,8926.42027455735,9.0967707284,6427252,15.6760576332,5.7,5.5,0.73,13.4,1,1,0,0,0,0,0,0,0,0,0,0,0,0,0,0,0,0,0,0,0
"Libya",2011,"Developing",71.3,161,2,0.01,36.11567366,98,0,6.9,2,98,4.77,98,0.1,562.549434,6.3324790129,6343203,15.6628944039,5.6,5.4,0.756,14,1,0,0,0,0,0,0,0,0,0,0,0,0,0,0,0,0,0,0,0,0
"Libya",2008,"Developing",72.6,132,2,0.01,532.6700005,98,8,58.2,2,98,2.4,98,0.1,14396.4865,9.5747394627,6235430,15.6457581002,5.5,5.4,0.757,14.8,1,0,0,0,0,0,0,0,0,1,0,0,0,0,0,0,0,0,0,0,0
"Lithuania",2014,"Developed",73.4,169,0,15.19,2211.744178,94,11,61.9,0,93,6.55,93,0.1,16554.97139,9.7144417218,2932367,14.8913205047,2.6,2.7,0.841,16.5,0,0,0,0,0,0,0,0,0,1,0,0,0,0,0,0,0,0,0,0,0
"Lithuania",2011,"Developed",72.8,18,0,12.66,1758.822757,95,7,6.5,0,92,6.86,92,0.1,14357.73679,9.572044225,328115,12.7011194357,2.7,2.8,0.826,16.7,0,0,0,0,0,0,0,0,0,1,0,0,0,0,0,0,0,0,0,0,0
"Lithuania",2008,"Developed",71.1,224,0,13.3,1888.149904,96,1,59.3,0,96,6.61,96,0.1,14961.56818,9.6132400709,3198231,14.9781084024,2.9,2.9,0.82,16.5,0,0,0,0,0,0,0,0,0,1,0,0,0,0,0,0,0,0,0,0,0
"Luxembourg",2014,"Developed",81.7,65,0,11.12,16255.16198,94,0,6.9,0,99,6.94,99,0.1,119172.7418,11.6883293313,556319,13.2290971497,1,0.9,0.892,13.9,0,0,0,0,0,0,0,0,0,1,0,0,0,0,0,0,0,0,0,0,0
"Luxembourg",2011,"Developed",88,72,0,11.5,17028.52798,95,6,59.6,0,96,7.34,99,0.1,115761.577,11.6592879842,518347,13.1584001811,0.9,0.9,0.894,13.9,0,0,0,0,0,0,0,0,0,1,0,0,0,0,0,0,0,0,0,0,0
"Luxembourg",2008,"Developed",80,8,0,11.53,18961.3486,94,1,58.4,0,96,7.34,99,0.1,114293.8433,11.6465279839,48865,10.7968166728,0.9,0.9,0.887,13.5,0,0,0,0,0,0,0,0,0,1,0,0,0,0,0,0,0,0,0,0,0
"Madagascar",2014,"Developing",65.1,225,29,0.01,5.339065673,73,3,2,39,73,3.4,73,0.3,452.4631926,6.1147064175,2358981,14.6737403041,7.2,7.1,0.509,10.3,0,0,0,0,0,0,0,0,0,0,0,0,0,0,0,0,0,0,0,0,0
"Madagascar",2011,"Developing",63.8,241,31,0.97,78.79967196,73,0,18.5,43,73,4.24,73,0.4,454.963464,6.1202171168,21743949,16.8948460699,7.5,7.4,0.504,10.2,0,0,0,0,0,0,0,0,0,0,0,0,0,0,0,0,0,0,0,0,0
"Madagascar",2008,"Developing",62.3,259,34,0.68,6.448762615,77,3,17.1,49,77,4.5,77,0.5,47.733254,3.8656283038,19996469,16.8110662659,7.8,7.7,0.491,9.4,0,0,0,0,0,0,0,0,0,0,0,0,0,0,0,0,0,0,0,0,0
"Malawi",2014,"Developing",57.6,377,27,0.01,59.48744893,91,3,19.2,40,87,11.38,91,5.1,354.7253961,5.871343958,1768838,14.3858333918,6.5,6.3,0.466,10.7,0,0,0,0,0,0,0,0,0,0,0,0,0,0,0,0,0,0,0,0,0
"Malawi",2011,"Developing",54.1,441,32,1.23,13.77617463,97,26,18,50,97,11.67,97,11.2,512.125451,6.2385696165,15627618,16.5645502916,6.7,6.6,0.444,10.6,0,0,0,0,0,0,0,0,0,0,0,0,0,0,0,0,0,0,0,0,0
"Malawi",2008,"Developing",50,525,36,1.27,74.34482999,91,20,16.9,58,92,1.7,91,16.9,372.842678,5.9211565559,14271234,16.4737564608,7,6.9,0.4,9.6,0,0,0,0,0,0,0,0,0,0,0,0,0,0,0,0,0,0,0,0,0
"Malaysia",2014,"Developing",74.8,126,4,0.52,721.3655432,96,221,39.5,4,97,4.17,97,0.1,11183.96191,9.3222360587,322817,12.6848408782,7.6,7.4,0.783,13,0,0,0,0,0,0,0,0,0,1,0,0,0,0,0,0,0,0,0,0,0
"Malaysia",2011,"Developing",74.3,13,3,0.51,9.23002632,96,1569,36.3,4,96,3.89,96,0.1,145.1262,4.9776037087,28635128,17.1701447739,8,7.8,0.774,13,0,0,0,0,0,0,0,0,0,0,0,0,0,0,0,0,0,0,1,0,0
"Malaysia",2008,"Developing",73.8,132,3,0.47,438.4519214,97,334,33.4,4,97,3.47,97,0.1,8513.629541,9.0494236337,2711169,14.8128904652,8.5,8.3,0.747,12.5,0,0,0,0,0,0,0,0,0,1,0,0,0,0,0,0,0,0,0,0,0
"Maldives",2014,"Developing",78.2,62,0,0.01,2051.748615,99,0,26.2,0,99,13.73,99,0.1,7716.2415,8.9510826721,41,3.7135720667,13.6,13.7,0.693,12.7,0,0,0,0,0,0,0,0,0,1,0,0,0,0,0,0,0,0,0,0,0
"Maldives",2011,"Developing",77.3,67,0,1.92,1079.893546,96,0,23.1,0,96,8.11,96,0.1,6497.55443,8.7791811435,377,5.9322451874,13.9,14,0.663,11.8,0,0,0,0,0,0,0,0,0,1,0,0,0,0,0,0,0,0,0,0,0
"Maldives",2008,"Developing",75.9,81,0,1.76,1077.712092,98,0,2.3,0,98,9.3,98,0.1,5828.621374,8.6705357804,362,5.8916442118,14.2,14.3,0.641,11.8,0,0,0,0,0,0,0,0,0,1,0,0,0,0,0,0,0,0,0,0,0
"Mali",2014,"Developing",57.8,272,52,0.01,46.56231672,73,290,23.2,85,74,6.86,73,1.6,825.5729915,6.7160776804,16962846,16.6465359809,7.9,7.7,0.43,8.2,0,0,0,0,0,0,0,0,0,0,0,0,0,0,0,0,0,0,0,0,0
"Mali",2011,"Developing",56.8,271,54,0.61,101.8113996,66,24,21.3,90,72,6.59,66,1.5,835.88998,6.7284970016,1554989,14.2569790296,8.5,8.3,0.404,7.5,0,0,0,0,0,0,0,0,0,1,0,0,0,0,0,0,0,0,0,0,0
"Mali",2008,"Developing",55.5,278,55,0.57,102.1413744,74,98,19.6,94,74,6.74,74,1.6,689.6784228,6.536225435,14138216,16.4643920436,9.2,9,0.36,5.8,0,0,0,0,0,0,0,0,0,1,0,0,0,0,0,0,0,0,0,0,0
"Malta",2014,"Developed",81.4,55,0,8.49,409.6000248,9,0,69.2,0,99,9.75,99,0.1,2618.92599,7.8705195852,427364,12.9653913881,0.8,0.8,0.847,14.3,0,0,0,0,0,0,0,0,0,1,0,0,0,0,0,0,0,0,0,0,0
"Malta",2011,"Developed",87,59,0,6.91,3601.287457,82,3,68,0,96,9.6,96,0.1,22821.847,10.0354735579,416268,12.9390845626,0.8,0.7,0.826,14.8,0,0,0,0,0,0,0,0,0,1,0,0,0,0,0,0,0,0,0,0,0
"Malta",2008,"Developed",80,64,0,7.14,2655.573684,86,1,66.6,0,72,8.15,72,0.1,21928.767,9.9955546155,49379,10.8072805116,0.7,0.7,0.813,14.6,0,0,0,0,0,0,0,0,0,1,0,0,0,0,0,0,0,0,0,0,0
"Mauritius",2014,"Developing",74.2,148,0,0.01,115.2784282,97,0,32.8,0,98,4.81,97,0.1,1153.93822,7.0509359101,126934,11.7514225453,7,6.9,0.769,14.7,0,0,0,0,0,0,0,0,0,1,0,0,0,0,0,0,0,0,0,0,0
"Mauritius",2011,"Developing",73.6,158,0,3.03,918.807245,98,2,31.3,0,98,5.2,98,0.1,9197.26972,9.1266619494,125244,11.7380191136,7.1,7.1,0.748,14.1,0,0,0,0,0,0,0,0,0,1,0,0,0,0,0,0,0,0,0,0,0
"Mauritius",2008,"Developing",72.7,166,0,2.49,6.6489825,99,12,29.7,0,99,4.6,99,0.1,83.635,4.4264620928,1244121,14.0339398144,7.4,7.3,0.728,13.6,0,0,0,0,0,0,0,0,0,0,0,0,0,0,0,0,0,0,0,0,0
"Mexico",2014,"Developing",76.6,122,31,5.26,168.173753,84,3,62.8,36,87,6.3,87,0.1,1452.27766,7.280888403,1242216,14.0324074394,1.6,1.5,0.754,13.1,0,0,0,0,0,0,0,0,0,1,0,0,0,0,0,0,0,0,0,0,0
"Mexico",2011,"Developing",76.1,124,34,5.3,1117.196097,98,3,6.8,39,97,6.4,97,0.1,9834.472689,9.1936491136,119917,11.6945551158,1.6,1.6,0.745,12.6,0,0,0,0,0,0,0,0,0,1,0,0,0,0,0,0,0,0,0,0,0
"Mexico",2008,"Developing",75.6,127,37,5.36,159.8772264,97,0,58.7,43,96,6.6,96,0.1,9689.52887,9.1788010835,11366189,16.2461536292,1.7,1.6,0.735,12.3,0,0,0,0,0,0,0,0,0,1,0,0,0,0,0,0,0,0,0,0,0
"Micronesia (Federated States of)",2014,"Developing",69.4,164,0,1.58,0,81,140,68.7,0,76,13.71,77,0.1,2945.41455404258,7.9880048516,108396,11.5935464669,0.2,0.2,0.639,11.7,1,1,0,0,0,0,0,0,0,0,0,0,0,0,0,0,0,0,0,0,0
"Micronesia (Federated States of)",2011,"Developing",68.9,169,0,1.89,0,83,0,67,0,83,13.76,84,0.1,2890.50453118907,7.9691863441,107698,11.5870862929,0.2,0.2,0.638,11.7,1,1,0,0,0,0,0,0,0,0,0,0,0,0,0,0,0,0,0,0,0
"Micronesia (Federated States of)",2008,"Developing",68.4,174,0,1.97,0,89,0,65.2,0,88,12.94,85,0.1,2415.5936054197,7.7897003352,108936,11.5985158328,0.2,0.2,0.628,11.2,1,1,0,0,0,0,0,0,0,0,0,0,0,0,0,0,0,0,0,0,0
"Mongolia",2014,"Developing",68.4,225,1,0.01,281.0023992,99,0,51.5,1,99,4.73,99,0.1,4181.583321,8.3384452387,2923896,14.8884275315,2.2,2.3,0.729,14.8,0,0,0,0,0,0,0,0,0,1,0,0,0,0,0,0,0,0,0,0,0
"Mongolia",2011,"Developing",67.3,235,1,0.01,257.8403154,99,0,48,2,99,4.45,99,0.1,3769.595255,8.2347229153,2761516,14.8312903623,2.2,2.3,0.701,14.6,0,0,0,0,0,0,0,0,0,1,0,0,0,0,0,0,0,0,0,0,0
"Mongolia",2008,"Developing",67.4,225,2,4.26,181.0123284,96,31,44.9,2,95,5.58,96,0.1,2139.625631,7.6683861539,2628131,14.7817835051,2.2,2.3,0.673,13.4,0,0,0,0,0,0,0,0,0,1,0,0,0,0,0,0,0,0,0,0,0
"Montenegro",2014,"Developing",75.9,17,0,0.01,726.0291764,87,0,61.3,0,91,6.42,91,0.1,7378.345289,8.9063046769,62181,11.0378047658,1.8,1.9,0.803,15.1,0,0,0,0,0,0,0,0,0,1,0,0,0,0,0,0,0,0,0,0,0
"Montenegro",2011,"Developing",75.4,113,0,6.56,666.7374371,91,5,59.7,0,95,6.92,95,0.1,7318.742449,8.8981937956,6279,8.7449660111,1.9,2,0.792,15.1,0,0,0,0,0,0,0,0,0,1,0,0,0,0,0,0,0,0,0,0,0
"Montenegro",2008,"Developing",74.6,121,0,6.17,709.1311228,93,0,57.8,0,95,6.13,95,0.1,7325.73474,8.8991487347,616969,13.3325740585,2.1,2.1,0.774,14.2,0,0,0,0,0,0,0,0,0,1,0,0,0,0,0,0,0,0,0,0,0
"Morocco",2014,"Developing",74.1,96,18,0.43,198.7343495,99,10,57.5,21,99,5.91,99,0.1,3154.513484,8.0565895583,3431882,15.0486193567,6.4,6.2,0.64,12.1,0,0,0,0,0,0,0,0,0,1,0,0,0,0,0,0,0,0,0,0,0
"Morocco",2011,"Developing",73.3,14,19,0.54,22.0945504,98,982,54.6,22,98,5.99,99,0.1,339.91616,5.828698999,32858823,17.3077308513,6.3,6.2,0.612,11.2,0,0,0,0,0,0,0,0,0,0,0,0,0,0,0,0,0,0,0,0,0
"Morocco",2008,"Developing",71.8,123,21,0.51,171.3658969,97,1455,51.7,24,99,5.41,99,0.1,2884.94776,7.9672620713,31596855,17.2685681483,6.4,6.3,0.589,10.3,0,0,0,0,0,0,0,0,0,1,0,0,0,0,0,0,0,0,1,0,0
"Mozambique",2014,"Developing",56.7,375,61,0.01,54.91159475,79,9,22.2,84,79,6.98,79,4.1,623.2871141,6.4350072699,27212382,17.1191826483,3.6,3.5,0.409,9.1,0,0,0,0,0,0,0,0,0,0,0,0,0,0,0,0,0,0,0,0,0
"Mozambique",2011,"Developing",54.3,47,66,0.94,40.80617976,76,177,2.9,94,73,6.23,76,9.6,526.5313517,6.2663108772,249395,12.4267932639,3.7,3.6,0.397,9.5,0,0,0,0,0,0,0,0,0,0,0,0,0,0,0,0,0,0,0,0,0
"Mozambique",2008,"Developing",53.2,45,72,1.48,0.796915785,75,4,19.7,104,74,4.91,75,12.6,53.127719,3.9726988071,22846758,16.9443197834,3.7,3.7,0.372,8.8,0,0,0,0,0,0,0,0,0,0,0,0,0,0,0,0,0,0,0,0,0
"Myanmar",2014,"Developing",66.4,21,40,0.01,45.33788677,88,122,22.9,52,88,2.28,88,0.3,1262.893782,7.1411610191,51924182,17.7652951741,12.9,13.1,0.547,9.1,0,0,0,0,0,0,0,0,0,0,0,0,0,0,0,0,0,0,0,0,0
"Myanmar",2011,"Developing",65.6,27,47,0.33,21.23698847,4,2046,2.5,61,9,1.87,84,0.5,1186.423937,7.0786989668,555331,13.2273196114,13,13.3,0.526,9.1,0,0,0,0,0,0,0,0,0,0,0,0,0,0,0,0,0,0,1,0,0
"Myanmar",2008,"Developing",59.2,296,59,0.3,9.53048032,85,333,18.3,96,85,1.87,85,0.6,643.951373,6.4676232155,49479752,17.7170740933,13.2,13.4,0.493,8.2,0,0,0,0,0,0,0,0,0,0,0,0,0,0,0,0,0,0,0,0,0
"Namibia",2014,"Developing",65.9,242,2,0.01,751.3982719,88,477,34.9,3,88,8.93,88,2.2,5421.343953,8.5980990255,237992,12.3799923386,8.6,8.5,0.632,11.7,0,0,0,0,0,0,0,0,0,1,0,0,0,0,0,0,0,0,0,0,0
"Namibia",2011,"Developing",64.3,268,3,7.84,7.896234931,82,79,32.5,4,85,8.78,82,4.7,56.971392,4.0425492471,2215621,14.6110432833,9.9,9.9,0.612,11.5,0,0,0,0,0,0,0,0,0,0,0,0,0,0,0,0,0,0,0,0,0
"Namibia",2008,"Developing",61.7,317,3,6.28,59.55033546,NA,0,3.2,4,83,7.15,83,11.7,429.6561,6.0629851213,216375,12.2847682925,11.5,11.4,0.589,11.3,0,0,0,0,0,0,0,0,0,0,0,0,0,0,0,0,0,0,0,0,0
"Nepal",2014,"Developing",69.6,158,18,0.01,8.523486403,92,1279,18.5,22,92,5.8,92,0.1,76.2386977,4.3338691776,28323241,17.1591932623,15.9,16.3,0.551,12.4,0,0,0,0,0,0,0,0,0,0,0,0,0,0,0,0,0,0,1,0,0
"Nepal",2011,"Developing",68.4,172,22,0.27,112.1229028,92,2359,16.9,27,92,6.73,92,0.2,692.1166842,6.5397545602,27327147,17.1233911617,16.5,16.9,0.529,12,0,0,0,0,0,0,0,0,0,1,0,0,0,0,0,0,0,0,1,0,0
"Nepal",2008,"Developing",67,189,27,0.21,70.27113179,82,2089,15.4,35,82,6.44,82,0.2,473.844449,6.1608791012,26475859,17.0917438946,17,17.6,0.492,10.1,0,0,0,0,0,0,0,0,0,0,0,0,0,0,0,0,0,0,1,0,0
"Netherlands",2014,"Developed",81.7,58,1,0.01,1491.703605,92,140,61.6,1,96,1.9,96,0.1,52157.4687,10.8620226659,168658,12.0356282749,1,0.9,0.923,18.1,0,0,0,0,0,0,0,0,0,1,0,0,0,0,0,0,0,0,0,0,0
"Netherlands",2011,"Developed",81.1,63,1,8.96,1047.370244,2,51,59.9,1,97,1.53,97,0.1,5354.6536,8.5857212936,1669374,14.3279592638,1,0.9,0.911,17.2,0,0,0,0,0,0,0,0,0,1,0,0,0,0,0,0,0,0,0,0,0
"Netherlands",2008,"Developed",83,68,1,9.62,10873.40554,NA,109,57.9,1,97,9.57,97,0.1,56928.8248,10.9495570788,16445593,16.6155680965,1,0.9,0.905,16.8,0,0,0,0,0,0,0,0,0,1,0,0,0,0,0,0,0,0,0,0,0
"New Zealand",2014,"Developed",81.5,67,0,9.07,1040.278436,93,280,66.9,0,93,11.3,93,0.1,4453.24673,8.4013887114,4516500,15.3232479156,0.4,0.3,0.91,19.2,1,0,0,0,0,0,0,0,0,1,0,0,0,0,0,0,0,0,0,0,0
"New Zealand",2011,"Developed",86,72,0,9.47,8342.405764,95,597,65.3,0,95,11.24,95,0.1,38426.5581,10.5565041167,4384000,15.2934721076,0.3,0.3,0.901,19.7,1,0,0,0,0,0,0,0,0,1,0,0,0,0,0,0,0,0,0,0,0
"New Zealand",2008,"Developed",81,75,0,9.49,6761.288966,9,0,63.8,0,89,1.7,89,0.1,31287.77865,10.3509828418,4259800,15.2647327688,0.3,0.3,0.894,19.5,1,0,0,0,0,0,0,0,0,1,0,0,0,0,0,0,0,0,0,0,0
"Niger",2014,"Developing",61.4,223,49,0.01,3.304039899,68,1142,18.9,88,67,5.82,68,0.5,43.646498,3.77612305,19148219,16.7677202667,9.8,9.6,0.345,5.3,0,0,0,0,0,0,0,0,0,0,0,0,0,0,0,0,0,0,1,0,0
"Niger",2011,"Developing",59.4,241,50,0.15,32.22493445,75,771,17.7,93,4,6.66,75,0.7,375.5819866,5.9284767872,1764636,14.3834549948,1.5,1.3,0.323,4.8,0,0,0,0,0,0,0,0,0,0,0,0,0,0,0,0,0,0,0,0,0
"Niger",2008,"Developing",56,272,52,0.12,40.37835666,NA,1317,16.5,102,68,6.76,67,1.3,354.8185998,5.8716066724,15228525,16.5386808719,11.2,11,0.298,4,0,0,0,0,0,0,0,0,0,0,0,0,0,0,0,0,0,0,1,0,0
"Nigeria",2014,"Developing",53.6,362,490,0.01,263.2111031,49,6855,24.7,759,49,3.67,49,3.9,3221.678128,8.0776576605,1764652,14.3834640618,1.1,9.9,0.521,10,0,0,0,0,0,0,0,0,0,1,0,0,0,0,0,0,0,0,1,0,0
"Nigeria",2011,"Developing",52.3,375,513,8.75,187.5733187,46,18843,22.8,802,48,3.69,48,4.7,2527.9423,7.8351609306,16287776,16.6059254458,11,1.9,0.5,9.6,0,0,0,0,0,0,0,0,0,1,0,0,0,0,0,0,0,0,1,0,0
"Nigeria",2008,"Developing",59,386,536,9.3,105.5910629,41,9960,21,848,6,4,53,5,1383.893354,7.2326560769,1534739,14.243870892,12,11.9,0.481,9.2,0,0,0,0,0,0,0,0,0,1,0,0,0,0,0,0,0,0,1,0,0
"Panama",2014,"Developing",77.6,119,1,6.74,1842.463782,8,0,57.1,1,8,8.3,8,0.1,12593.7374,9.4409549376,393986,12.8840706547,1.9,1.8,0.78,13,0,0,0,0,0,0,0,0,0,1,0,0,0,0,0,0,0,0,0,0,0
"Panama",2011,"Developing",77.3,121,1,6.9,119.2124275,87,4,54.9,1,91,7.5,87,0.1,927.723171,6.8327333812,377782,12.8420725887,2,1.9,0.758,12.9,0,0,0,0,0,0,0,0,0,1,0,0,0,0,0,0,0,0,0,0,0
"Panama",2008,"Developing",76.5,127,1,6.74,956.8229765,86,0,52.7,2,86,6.75,86,0.1,6973.9284,8.8499339605,3516268,15.0729107579,2,2,0.75,12.8,0,0,0,0,0,0,0,0,0,1,0,0,0,0,0,0,0,0,0,0,0
"Papua New Guinea",2014,"Developing",62.7,278,10,0.01,208.2311603,67,2299,47.9,13,64,4.26,73,0.7,2182.716565,7.6883255107,7755785,15.8639495745,1.3,1.3,0.511,10,0,0,0,0,0,0,0,0,0,1,0,0,0,0,0,0,0,0,1,0,0
"Papua New Guinea",2011,"Developing",62,285,10,0.88,23.40731286,66,0,45.7,13,69,4.94,72,1,177.867119,5.181036749,7269348,15.7991771619,1.3,1.3,0.494,9.9,0,0,0,0,0,0,0,0,0,0,0,0,0,0,0,0,0,0,0,0,0
"Papua New Guinea",2008,"Developing",61.4,29,11,0.81,103.7277727,59,0,43.4,14,76,4.6,63,1.3,1178.72469,7.0721883618,6787187,15.730547128,1.4,1.3,0.469,8.9,0,0,0,0,0,0,0,0,0,1,0,0,0,0,0,0,0,0,0,0,0
"Paraguay",2014,"Developing",73.9,147,3,0.01,561.7684701,87,0,49.4,3,83,9.81,87,0.2,4712.822736,8.4580423145,6552584,15.6953700336,2,1.9,0.688,12.3,0,0,0,0,0,0,0,0,0,1,0,0,0,0,0,0,0,0,0,0,0
"Paraguay",2011,"Developing",73.4,15,3,5.79,472.1932825,89,0,47.1,3,84,9.42,89,0.1,3988.11894,8.2910749551,6293783,15.6550728787,2.1,2,0.675,12.3,0,0,0,0,0,0,0,0,0,1,0,0,0,0,0,0,0,0,0,0,0
"Paraguay",2008,"Developing",72.7,157,3,6.14,34.73924576,87,0,44.9,4,85,7.6,89,0.1,359.992184,5.8860823201,647117,13.3802823918,2.1,2.1,0.654,11.9,0,0,0,0,0,0,0,0,0,0,0,0,0,0,0,0,0,0,0,0,0
"Philippines",2014,"Developing",68.4,214,54,4.52,31.27232188,67,58848,24.8,68,77,4.71,67,0.1,2842.938353,7.9525934276,112249,11.6284748969,1,9.7,0.676,11.7,0,0,0,0,0,0,0,0,0,0,0,0,0,0,0,0,0,0,1,0,0
"Philippines",2011,"Developing",68,218,57,4.96,191.4949779,87,6538,23.1,72,87,4.29,87,0.1,2352.518156,7.7632415892,9527794,16.0697237693,1,9.7,0.669,11.5,0,0,0,0,0,0,0,0,0,1,0,0,0,0,0,0,0,0,1,0,0
"Philippines",2008,"Developing",67.5,217,60,4.21,155.4767618,88,341,21.6,78,91,4.5,91,0.1,1919.466195,7.5598024029,9751864,16.0929690042,1,9.7,0.655,11.5,0,0,0,0,0,0,0,0,0,1,0,0,0,0,0,0,0,0,0,0,0
"Poland",2014,"Developed",77.3,12,2,10.71,243.808475,96,0,61.1,2,94,6.35,98,0.1,14341.675,9.5709249135,3811735,15.153595024,1.9,2.1,0.85,16.4,0,0,0,0,0,0,0,0,0,1,0,0,0,0,0,0,0,0,0,0,0
"Poland",2011,"Developed",76.7,128,2,10.93,250.0773782,98,0,59.1,2,96,6.7,99,0.1,13893.18768,9.539153904,3863255,15.1670206503,2,2.2,0.829,15.4,0,0,0,0,0,0,0,0,0,1,0,0,0,0,0,0,0,0,0,0,0
"Poland",2008,"Developed",75.5,14,2,11.4,15.71474837,98,0,57.2,3,96,6.88,99,0.1,141.44688,4.9519242402,38125759,17.4564007009,2.2,2.3,0.813,15,0,0,0,0,0,0,0,0,0,0,0,0,0,0,0,0,0,0,0,0,0
"Portugal",2014,"Developed",89,78,0,9.88,271.2545531,98,0,6.9,0,98,9.5,98,0.1,2277.53613,7.7308494929,14162,9.5583176002,0.7,0.5,0.837,16.8,0,0,0,0,0,0,0,0,0,1,0,0,0,0,0,0,0,0,0,0,0
"Portugal",2011,"Developed",82,85,0,11.92,3108.288623,97,2,58.8,0,97,1.7,97,0.1,23196.18375,10.0517430506,155756,11.9560459592,0.7,0.5,0.818,16.2,0,0,0,0,0,0,0,0,0,1,0,0,0,0,0,0,0,0,0,0,0
"Portugal",2008,"Developed",79,92,0,12.35,3652.869332,97,1,56.5,0,97,9.9,97,0.1,24815.6884,10.1192313289,1558177,14.2590271061,0.7,0.5,0.804,15.8,0,0,0,0,0,0,0,0,0,1,0,0,0,0,0,0,0,0,0,0,0
"Qatar",2014,"Developing",78.1,69,0,1.15,5063.513104,89,46,68.4,0,99,2.19,89,0.1,86852.7119,11.3719689963,2151745,14.5817896988,5.2,4.8,0.854,13.4,1,0,0,0,0,0,0,0,0,1,0,0,0,0,0,0,0,0,0,0,0
"Qatar",2011,"Developing",77.5,74,0,1.16,4409.17067,93,101,66.5,0,92,1.93,93,0.1,85948.746,11.3615064208,1624761,14.300871286,5.1,4.6,0.827,12.4,1,0,0,0,0,0,0,0,0,1,0,0,0,0,0,0,0,0,0,0,0
"Qatar",2008,"Developing",76.8,82,0,1.37,5484.143308,97,0,65.2,0,98,1.87,97,0.1,82967.37228,11.3262027044,1426938,14.1710414477,5,4.5,0.825,11.7,1,0,0,0,0,0,0,0,0,1,0,0,0,0,0,0,0,0,0,0,0
"Republic of Korea",2014,"Developing",82,66,1,0.01,0,99,442,31.2,2,99,7.37,99,0.1,30793.0647145534,10.335044772,50746659,17.7423563412,1.5,1,NA,NA,1,1,0,0,0,0,0,0,0,0,0,0,0,0,0,0,0,0,0,0,0
"Republic of Korea",2011,"Developing",81.1,72,2,9.34,0,99,42,3,2,98,6.83,99,0.1,26606.2721125085,10.1889022607,49936638,17.7262655198,1.5,1,NA,NA,1,1,0,0,0,0,0,0,0,0,0,0,0,0,0,0,0,0,0,0,0
"Republic of Korea",2008,"Developing",83,75,2,9.31,0,94,2,28.6,2,92,6.16,94,0.1,22613.026114785,10.026281396,49054708,17.7084467231,1.5,1,NA,NA,1,1,0,0,0,0,0,0,0,0,0,0,0,0,0,0,0,0,0,0,0
"Romania",2014,"Developed",74.8,135,2,0.01,1.576409172,94,59,59.9,2,94,5.57,94,0.1,12.27733,2.5077544724,1998979,14.5081471082,2.6,2.8,0.797,14.7,0,0,0,0,0,0,0,0,0,0,0,0,0,0,0,0,0,0,0,0,0
"Romania",2011,"Developed",74.3,139,2,9.1,10.32588862,96,4189,57.7,2,89,5.53,89,0.1,92.277825,4.5248038635,2147528,14.5798279712,2.9,3.1,0.798,15.7,0,0,0,0,0,0,0,0,0,0,0,0,0,0,0,0,0,0,1,0,0
"Romania",2008,"Developed",73.1,159,2,11.9,128.0805702,97,12,55.6,3,95,5.33,96,0.1,1136.47356,7.0356853786,2537875,14.7468376747,3.1,3.5,0.78,14.7,0,0,0,0,0,0,0,0,0,1,0,0,0,0,0,0,0,0,0,0,0
"Russian Federation",2014,"Developing",73,225,13,10.12,1340.553699,97,4711,59.9,15,97,7.7,97,0.1,14125.961,9.5557695891,143819666,18.7840707533,2.3,2.3,0.803,14.9,0,0,0,0,0,0,0,0,0,1,0,0,0,0,0,0,0,0,1,0,0
"Russian Federation",2011,"Developing",69.4,242,14,11.04,184.764931,97,629,58.1,17,97,6.61,97,0.3,14212.687,9.5618902954,14296868,16.4755510503,2.3,2.4,0.785,14,0,0,0,0,0,0,0,0,0,1,0,0,0,0,0,0,0,0,0,0,0
"Russian Federation",2008,"Developing",67.5,278,16,12.04,161.7301654,98,27,56.6,18,98,6.22,98,0.3,11635.2637,9.3617957399,14274235,16.4739667219,2.3,2.5,0.769,13.9,0,0,0,0,0,0,0,0,0,1,0,0,0,0,0,0,0,0,0,0,0
"Rwanda",2014,"Developing",65.7,23,12,0.01,7.549797238,98,10,2.8,16,98,7.53,98,0.4,76.5699517,4.3382047243,11345357,16.2443191433,5.8,5.8,0.488,10.8,0,0,0,0,0,0,0,0,0,0,0,0,0,0,0,0,0,0,0,0,0
"Rwanda",2011,"Developing",63.8,247,14,8.34,9.074569426,97,31,18.9,20,93,7.71,97,1.3,617.317648,6.425383718,151671,11.9294689803,6.3,6.2,0.464,10.2,0,0,0,0,0,0,0,0,0,0,0,0,0,0,0,0,0,0,0,0,0
"Rwanda",2008,"Developing",68,282,18,6.39,0.661540371,97,6,17.1,28,97,7.66,97,3.7,5.6687264,1.7349644717,978169,13.7934377357,6.7,6.6,0.438,10.4,0,0,0,0,0,0,0,0,0,0,0,0,0,0,0,0,0,0,0,0,0
"Saint Vincent and the Grenadines",2014,"Developing",73.1,157,0,7.01,0,98,0,53.1,0,97,8.63,98,0.1,7168.82875342912,8.8774975665,107535,11.585571655,3.5,3.4,0.72,13.3,1,1,0,0,0,0,0,0,0,0,0,0,0,0,0,0,0,0,0,0,0
"Saint Vincent and the Grenadines",2011,"Developing",72.7,16,0,7.02,0,96,0,5.3,0,96,4.99,96,0.1,6527.68929113477,8.7838082992,109349,11.6022998811,3.5,3.5,0.712,13.3,1,1,0,0,0,0,0,0,0,0,0,0,0,0,0,0,0,0,0,0,0
"Saint Vincent and the Grenadines",2008,"Developing",72.1,167,0,6.92,0,99,0,47.5,0,99,4.7,99,0.3,6598.90264584576,8.7946586484,111028,11.6175377007,3.6,3.6,0.704,13.3,1,1,0,0,0,0,0,0,0,0,0,0,0,0,0,0,0,0,0,0,0
"Samoa",2014,"Developing",73.8,128,0,0.01,660.2777923,56,0,74.3,0,58,7.22,63,0.1,4178.973369,8.3378208899,19229,9.8641748352,0.2,0.1,0.701,12.9,0,0,0,0,0,0,0,0,0,1,0,0,0,0,0,0,0,0,0,0,0
"Samoa",2011,"Developing",73,139,0,2.15,558.7206486,58,0,72.9,0,6,5.8,65,0.1,3942.9827,8.2796927463,187665,12.1424137374,0.2,0.1,0.693,12.9,0,0,0,0,0,0,0,0,0,1,0,0,0,0,0,0,0,0,0,0,0
"Samoa",2008,"Developing",72.5,146,0,3.97,47.35260547,12,0,71.4,0,54,4.52,26,0.1,359.82223,5.8856101039,183526,12.1201116258,0.2,0.2,0.688,12.9,0,0,0,0,0,0,0,0,0,0,0,0,0,0,0,0,0,0,0,0,0
"Sao Tome and Principe",2014,"Developing",67.3,191,0,0.01,225.7307751,95,0,3.1,0,95,8.35,95,0.2,1821.878734,7.5076235191,191266,12.1614204083,5.6,5.4,0.562,11.1,0,0,0,0,0,0,0,0,0,1,0,0,0,0,0,0,0,0,0,0,0
"Sao Tome and Principe",2011,"Developing",66.6,198,0,5.69,7.495401346,96,0,27.7,0,96,5.44,96,0.5,134.326189,4.9002710882,1788,7.4888529557,6,5.9,0.546,10.6,0,0,0,0,0,0,0,0,0,0,0,0,0,0,0,0,0,0,0,0,0
"Sao Tome and Principe",2008,"Developing",65.4,215,0,4.36,62.8565863,99,0,25.4,0,99,5.66,99,0.9,1126.46212,7.026837133,166913,12.0252279976,6.5,6.4,0.531,10.4,0,0,0,0,0,0,0,0,0,0,0,0,0,0,0,0,0,0,0,0,0
"Saudi Arabia",2014,"Developing",74.4,88,7,0.09,2017.643131,98,154,67.3,9,98,4.68,98,0.1,24575.434,10.1095026051,28309273,17.1586999768,7.7,7.5,0.841,15.8,1,0,0,0,0,0,0,0,0,1,0,0,0,0,0,0,0,0,0,0,0
"Saudi Arabia",2011,"Developing",73.9,92,8,0.09,173.5755595,98,362,64.7,9,98,3.57,98,0.1,2377.74739,7.7739088437,25091867,17.0380543277,7.4,7.4,0.804,13.9,1,0,0,0,0,0,0,0,0,1,0,0,0,0,0,0,0,0,0,0,0
"Saudi Arabia",2008,"Developing",73.3,98,9,0.09,15.50666857,98,158,62.4,10,98,2.87,98,0.1,237.83234,5.4715659716,23287877,16.9634434827,7.2,7.3,0.779,12.8,1,0,0,0,0,0,0,0,0,0,0,0,0,0,0,0,0,0,0,0,0
"Senegal",2014,"Developing",66.4,192,19,0.26,12.80528533,89,32,23.8,27,85,4.66,89,0.3,152.443873,5.0267964824,14546111,16.4928342306,9.7,9.5,0.483,9.1,0,0,0,0,0,0,0,0,0,0,0,0,0,0,0,0,0,0,0,0,0
"Senegal",2011,"Developing",64.9,26,20,0.32,1.431051664,92,18,22.2,31,89,4.42,92,0.4,18.25321,2.904340955,13391,9.5023381185,1.2,1.1,0.455,7.9,0,0,0,0,0,0,0,0,0,0,0,0,0,0,0,0,0,0,0,0,0
"Senegal",2008,"Developing",62.8,225,22,0.28,1.08833088,88,6,2.8,34,87,4.94,88,0.6,11.33678,2.4280523074,1223957,14.0175996107,1.8,1.7,0.435,7.1,0,0,0,0,0,0,0,0,0,0,0,0,0,0,0,0,0,0,0,0,0
"Serbia",2014,"Developing",75.4,123,1,9.09,8.617208431,92,37,59.4,1,93,1.37,93,0.1,62.173221,4.1299243765,713576,13.4780442274,2.1,2.1,0.771,14.3,0,0,0,0,0,0,0,0,0,0,0,0,0,0,0,0,0,0,0,0,0
"Serbia",2011,"Developing",74.6,127,1,9.56,915.3190791,94,370,57.7,1,94,9.72,94,0.1,6423.291783,8.7676860041,723499,13.4918544429,2.2,2.2,0.757,13.5,0,0,0,0,0,0,0,0,0,1,0,0,0,0,0,0,0,0,0,0,0
"Serbia",2008,"Developing",74,132,1,9.54,96.33237912,93,2,55.8,1,95,1.5,95,0.1,671.773913,6.5099218449,735222,13.5079277734,2.3,2.4,0.749,13.5,0,0,0,0,0,0,0,0,0,0,0,0,0,0,0,0,0,0,0,0,0
"Seychelles",2014,"Developing",73,17,0,0.01,151.1045552,99,0,36.2,0,99,3.37,99,0.1,1557.77892,7.3510163165,91359,11.4225520791,5.7,6,0.766,13.2,0,0,0,0,0,0,0,0,0,1,0,0,0,0,0,0,0,0,0,0,0
"Seychelles",2011,"Developing",72.6,177,0,9.72,1121.475547,99,0,34.2,0,99,3.38,99,0.1,12189.9516,9.408367252,87441,11.3787195592,5.7,6.1,0.744,13.3,0,0,0,0,0,0,0,0,0,1,0,0,0,0,0,0,0,0,0,0,0
"Seychelles",2008,"Developing",72.2,184,0,6.33,701.8526364,99,0,31.8,0,99,2.64,99,0.1,11122.8627,9.3167579717,86956,11.3731575226,5.9,6.3,0.739,13.2,0,0,0,0,0,0,0,0,0,1,0,0,0,0,0,0,0,0,0,0,0
"Sierra Leone",2014,"Developing",48.1,463,23,0.01,1.443286353,83,1006,23.8,32,83,11.9,83,0.6,78.4394757,4.3623273172,779162,13.5659742622,7.5,7.4,0.426,9.5,0,0,0,0,0,0,0,0,0,0,0,0,0,0,0,0,0,0,1,0,0
"Sierra Leone",2011,"Developing",48.9,418,26,3.78,54.6659175,89,1865,22.2,38,88,11.98,89,1.3,445.525,6.0992533621,6611692,15.7043501549,8.1,8,0.392,8.9,0,0,0,0,0,0,0,0,0,0,0,0,0,0,0,0,0,0,1,0,0
"Sierra Leone",2008,"Developing",46.2,441,29,3.91,5.379606465,77,44,2.7,44,75,1.29,77,1.9,46.3759178,3.8367803116,6165372,15.6344590334,8.7,8.7,0.367,8.3,0,0,0,0,0,0,0,0,0,0,0,0,0,0,0,0,0,0,0,0,0
"Singapore",2014,"Developed",82.9,56,0,1.83,7971.646361,96,0,32.9,0,96,4.92,96,0.1,56336.7234,10.9391018821,5469724,15.5147387161,2.2,2.2,0.922,15.4,1,0,0,0,0,0,0,0,0,1,0,0,0,0,0,0,0,0,0,0,0
"Singapore",2011,"Developed",82.2,6,0,1.8,638.0001097,96,148,32.1,0,96,3.93,96,0.1,53166.67581,10.8811870845,5183688,15.46102733,2.1,2.1,0.911,15.2,1,0,0,0,0,0,0,0,0,1,0,0,0,0,0,0,0,0,0,0,0
"Singapore",2008,"Developed",81.4,64,0,1.7,3404.13099,97,18,31.2,0,97,3.91,97,0.1,39721.4818,10.5896474236,4839396,15.3923004775,2.1,2.1,0.88,14.2,1,0,0,0,0,0,0,0,0,1,0,0,0,0,0,0,0,0,0,0,0
"Slovakia",2014,"Developed",76.4,113,0,10.6,0,97,0,58.4,0,97,8.5,97,0.1,18782.7803433762,9.8406957899,5418649,15.5053570804,1.2,1.2,0.841,15.1,1,1,0,0,0,0,0,0,0,0,0,0,0,0,0,0,0,0,0,0,0
"Slovakia",2011,"Developed",75.6,122,0,10.24,0,99,0,56.5,0,99,7.96,99,0.1,18470.3763342746,9.8239234484,5398384,15.5016102075,1.2,1.3,0.829,15,1,1,0,0,0,0,0,0,0,0,0,0,0,0,0,0,0,0,0,0,0
"Slovakia",2008,"Developed",74.7,136,0,11.37,0,99,0,54.8,0,99,8.2,99,0.1,17974.2071989461,9.7966930759,5379233,15.4980563569,1.3,1.4,0.813,14.8,1,1,0,0,0,0,0,0,0,0,0,0,0,0,0,0,0,0,0,0,0
"South Africa",2014,"Developing",62,347,42,7.38,922.0507313,8,66,5.3,52,77,8.8,77,3.7,6479.625659,8.776418019,54146734.74,17.8072082293,4.9,5.9,0.66,13,0,0,0,0,0,0,0,0,0,1,0,0,0,0,0,0,0,0,0,0,0
"South Africa",2011,"Developing",58.9,413,43,7.38,123.753335,76,92,47.9,58,69,8.61,69,8.5,849.954224,6.7451824939,51729345.36,17.761535787,6.6,8,0.638,12.8,0,0,0,0,0,0,0,0,0,1,0,0,0,0,0,0,0,0,0,0,0
"South Africa",2008,"Developing",55.3,473,50,8.19,780.0336423,76,39,45.7,75,77,7.75,79,23.5,5786.59972,8.6633001304,49557573.3,17.7186456486,8.9,1.7,0.616,12.9,0,0,0,0,0,0,0,0,0,1,0,0,0,0,0,0,0,0,0,0,0
"South Sudan",2014,"Developing",56.6,343,26,NA,46.0744686,NA,441,NA,39,44,2.74,39,3.5,1151.861715,7.049134795,1153971,13.9587195958,NA,NA,0.421,4.9,0,0,0,0,0,0,0,0,0,0,0,0,0,0,0,0,0,0,0,0,0
"South Sudan",2011,"Developing",55.4,355,27,NA,0,NA,1256,NA,41,66,NA,61,3.9,176.9713,5.1759875725,1448857,14.1862855277,NA,NA,0.429,4.9,0,0,0,0,0,0,0,0,0,0,0,0,0,0,0,0,0,0,1,0,0
"South Sudan",2008,"Developing",53.6,377,27,NA,0,NA,0,NA,42,NA,NA,NA,4.2,1678.711862,7.4257820295,9263136,16.0415532102,NA,NA,0,0,0,0,0,0,0,0,0,0,0,0,0,0,0,0,0,0,0,0,0,0,0
"Spain",2014,"Developed",82.6,58,1,0.01,42.98847625,96,154,66,1,97,9.3,97,0.1,296.47225,5.6919536222,4648882,15.3521373185,0.6,0.5,0.877,17.6,0,0,0,0,0,0,0,0,0,0,0,0,0,0,0,0,0,0,0,0,0
"Spain",2011,"Developed",82.1,63,1,9.62,4873.8188,97,3802,64.1,2,97,9.48,97,0.1,31834.21816,10.368297033,46742697,17.6601685876,0.6,0.5,0.867,16.9,0,0,0,0,0,0,0,0,0,1,0,0,0,0,0,0,0,0,1,0,0
"Spain",2008,"Developed",81.3,7,2,10.24,5596.535203,97,297,62.3,2,97,8.8,97,0.1,35578.73619,10.4795034404,4595416,15.3405698429,0.6,0.5,0.854,16.1,0,0,0,0,0,0,0,0,0,1,0,0,0,0,0,0,0,0,0,0,0
"Sudan",2014,"Developing",63.8,229,59,0.01,253.6086508,94,676,NA,86,94,8.43,94,0.3,2176.89829,7.6856563399,37737913,17.446175797,NA,NA,0.485,7.2,0,0,0,0,0,0,0,0,0,1,0,0,0,0,0,0,0,0,0,0,0
"Sudan",2011,"Developing",62.7,241,61,2.12,196.6892153,93,5616,NA,91,93,8.3,93,0.3,1666.857757,7.4186955504,35167314,17.3756276296,NA,NA,0.463,7,0,0,0,0,0,0,0,0,0,1,0,0,0,0,0,0,0,0,1,0,0
"Sudan",2008,"Developing",61.8,251,64,2.01,128.6362711,78,129,NA,95,85,8.17,86,0.3,1291.528826,7.1635819321,32955496,17.3106686032,NA,NA,0.444,6.3,0,0,0,0,0,0,0,0,0,1,0,0,0,0,0,0,0,0,0,0,0
"Switzerland",2014,"Developed",83.2,51,0,9.61,19479.91161,NA,23,57,0,96,11.66,96,0.1,85814.58857,11.359944301,8188649,15.918259485,0.4,0.3,0.936,15.9,0,0,0,0,0,0,0,0,0,1,0,0,0,0,0,0,0,0,0,0,0
"Switzerland",2011,"Developed",82.6,55,0,9.99,18822.86732,NA,621,55.8,0,96,11.21,96,0.1,87998.44468,11.3850744192,7912398,15.8839414544,0.5,0.3,0.932,15.6,0,0,0,0,0,0,0,0,0,1,0,0,0,0,0,0,0,0,0,0,0
"Switzerland",2008,"Developed",82,6,0,10.29,2084.255535,NA,2022,54.6,0,96,1.29,95,0.1,72119.5687,11.186080697,7647675,15.849912238,0.5,0.4,0.914,15.3,0,0,0,0,0,0,0,0,0,1,0,0,0,0,0,0,0,0,1,0,0
"Syrian Arab Republic",2014,"Developing",64.4,294,7,0.01,0,47,594,56.2,8,52,3.25,43,0.1,1155.9264764753,7.0526574455,19239,9.8646947478,6.3,6.1,0.575,9,0,1,0,0,0,0,0,0,0,0,0,0,0,0,0,0,0,0,0,0,0
"Syrian Arab Republic",2011,"Developing",71.7,163,7,0.76,0,66,13,53.2,8,6,3.23,72,0.1,2941.372760746,7.9866316768,2863993,14.8677273629,6.3,6.1,0.646,12,0,1,0,0,0,0,0,0,0,0,0,0,0,0,0,0,0,0,0,0,0
"Syrian Arab Republic",2008,"Developing",73.8,122,8,0.8,0,83,19,5.4,9,83,3.4,79,0.1,2429.12475348809,7.7952862877,2325443,14.6594211165,6.4,6.2,0.651,11.6,0,1,0,0,0,0,0,0,0,0,0,0,0,0,0,0,0,0,0,0,0
"Tajikistan",2014,"Developing",69.6,162,10,0.01,7.829008596,97,0,39.9,11,94,6.88,97,0.2,114.45919,4.7402183402,8362745,15.9392972804,3.6,3.7,0.622,11.3,0,0,0,0,0,0,0,0,0,0,0,0,0,0,0,0,0,0,0,0,0
"Tajikistan",2011,"Developing",68.1,166,10,0.32,51.9919227,96,1,37.4,12,97,5.98,96,0.2,834.5412953,6.726882227,7815949,15.8716769476,3.7,3.7,0.608,11.1,0,0,0,0,0,0,0,0,0,0,0,0,0,0,0,0,0,0,0,0,0
"Tajikistan",2008,"Developing",66.4,178,10,0.32,4.153362912,86,0,35.3,12,87,5.58,86,0.3,76.914128,4.3426895788,739728,13.51403783,3.8,3.8,0.592,10.8,0,0,0,0,0,0,0,0,0,0,0,0,0,0,0,0,0,0,0,0,0
"Thailand",2014,"Developing",74.6,152,8,6.41,789.0772949,99,0,32.4,10,99,4.12,99,0.1,5941.8471,8.6897753236,68416772,18.0411285572,7.8,7.8,0.737,13.6,0,0,0,0,0,0,0,0,0,1,0,0,0,0,0,0,0,0,0,0,0
"Thailand",2011,"Developing",74.1,155,10,6.07,748.4451054,98,3156,29,11,99,4.12,99,0.2,5491.159981,8.610894802,675313,13.4229315661,8.1,8.2,0.72,13.3,0,0,0,0,0,0,0,0,0,1,0,0,0,0,0,0,0,0,1,0,0
"Thailand",2008,"Developing",73.5,162,11,5.92,609.9511632,98,7790,25.7,13,99,3.92,99,0.3,4378.68746,8.3845042918,6654576,15.7108152963,8.5,8.6,0.7,12.9,0,0,0,0,0,0,0,0,0,1,0,0,0,0,0,0,0,0,1,0,0
"The former Yugoslav republic of Macedonia",2014,"Developing",75.5,12,0,1.13,0,97,116,59.7,0,96,6.48,95,0.1,5687.29051231364,8.6459892296,1917557,14.466562538,2.2,2.2,0.743,12.9,1,1,0,0,0,0,0,0,0,0,0,0,0,0,0,0,0,0,0,0,0
"The former Yugoslav republic of Macedonia",2011,"Developing",74.9,17,0,1.16,0,96,701,57.9,0,97,6.61,96,0.1,5143.30190674289,8.5454505465,1937398,14.4768563937,2.2,2.3,0.735,12.9,1,1,0,0,0,0,0,0,0,0,0,0,0,0,0,0,0,0,0,0,0
"The former Yugoslav republic of Macedonia",2008,"Developing",74.2,111,0,1.72,0,97,27,56.4,0,96,6.85,95,0.1,4785.29234783709,8.4733023987,1971493,14.4943016817,2.4,2.4,0.714,12.2,1,1,0,0,0,0,0,0,0,0,0,0,0,0,0,0,0,0,0,0,0
"Timor-Leste",2014,"Developing",68,155,2,0.01,28.14578503,77,47,17,2,76,1.48,77,0.1,1153.51578,7.0505697576,1212814,14.0084538373,1.9,11.1,0.612,12.5,0,0,0,0,0,0,0,0,0,0,0,0,0,0,0,0,0,0,0,0,0
"Timor-Leste",2011,"Developing",67.2,161,2,0.5,2.726570602,67,763,15.8,3,66,0.76,67,0.1,114.56179,4.7411143281,1131523,13.9390750708,11.3,11.4,0.607,12.5,0,0,0,0,0,0,0,0,0,0,0,0,0,0,0,0,0,0,0,0,0
"Timor-Leste",2008,"Developing",66.2,168,2,0.06,36.69198927,79,0,14.7,3,79,0.74,79,0.1,643.71911,6.4672624664,17811,9.7875715229,11.7,11.7,0.566,11.7,0,0,0,0,0,0,0,0,0,0,0,0,0,0,0,0,0,0,0,0,0
"Togo",2014,"Developing",59.7,285,13,0.01,4.877350139,87,577,23.7,20,85,5.25,87,1,62.1318489,4.1292587222,7228915,15.7935995137,6.6,6.4,0.475,12,0,0,0,0,0,0,0,0,0,0,0,0,0,0,0,0,0,0,0,0,0
"Togo",2011,"Developing",58.3,34,14,1.44,39.08258546,85,187,22,21,85,5.21,85,2.6,562.3393592,6.3321055096,6679282,15.7145210547,7.1,7,0.457,11.5,0,0,0,0,0,0,0,0,0,0,0,0,0,0,0,0,0,0,0,0,0
"Togo",2008,"Developing",56.2,344,14,1.33,69.35924758,24,187,2.4,22,8,5.73,81,4.8,513.391914,6.2410395184,6161796,15.6338788515,7.7,7.6,0.441,10.1,0,0,0,0,0,0,0,0,0,0,0,0,0,0,0,0,0,0,0,0,0
"Tonga",2014,"Developing",73.3,135,0,0.01,565.9672173,8,0,74.8,0,82,5.18,8,0.1,4192.349758,8.3410166572,15782,9.6666253291,0.1,0.1,0.716,14.3,0,0,0,0,0,0,0,0,0,1,0,0,0,0,0,0,0,0,0,0,0
"Tonga",2011,"Developing",72.9,14,0,0.96,7.033980828,82,0,73.3,0,84,4.6,82,0.1,445.18866,6.0984981474,14577,9.5872002231,0.1,0.1,0.712,14.4,0,0,0,0,0,0,0,0,0,0,0,0,0,0,0,0,0,0,0,0,0
"Tonga",2008,"Developing",72.6,145,0,1.1,569.6255035,84,0,71.5,0,88,5.13,86,0.1,3392.64743,8.1293658484,135,4.9052747784,0.1,0.1,0.698,14.5,0,0,0,0,0,0,0,0,0,1,0,0,0,0,0,0,0,0,0,0,0
"Trinidad and Tobago",2014,"Developing",71.1,171,0,6.94,1578.872339,92,0,46,0,94,5.93,92,0.3,19325.24283,9.869167439,1354493,14.1189377725,5.8,6,0.778,12.7,0,0,0,0,0,0,0,0,0,1,0,0,0,0,0,0,0,0,0,0,0
"Trinidad and Tobago",2011,"Developing",76,176,0,6.5,144.9850711,9,0,43,0,91,5.6,9,0.4,1953.9767,7.5776219083,1334788,14.1042830357,5.9,6.2,0.774,12.6,0,0,0,0,0,0,0,0,0,1,0,0,0,0,0,0,0,0,0,0,0
"Trinidad and Tobago",2008,"Developing",69.9,185,0,6.41,1902.693048,9,0,4.2,0,91,4.4,9,0.3,21188.11857,9.9611958587,1315372,14.0896300733,6.1,6.4,0.767,12.4,0,0,0,0,0,0,0,0,0,1,0,0,0,0,0,0,0,0,0,0,0
"Tunisia",2014,"Developing",75.1,12,3,1.39,604.8701316,98,15,6.2,3,98,7,98,0.1,4271.68172,8.3597628741,1114398,13.9238249068,6.5,6.4,0.722,14.7,0,0,0,0,0,0,0,0,0,1,0,0,0,0,0,0,0,0,0,0,0
"Tunisia",2011,"Developing",74.8,13,3,1.29,623.2120325,98,11,57.4,3,98,7.15,98,0.1,4256.91279,8.3562994794,1761467,14.3816575426,6.4,6.3,0.714,14.5,0,0,0,0,0,0,0,0,0,1,0,0,0,0,0,0,0,0,0,0,0
"Tunisia",2008,"Developing",74.7,12,3,1.37,53.08451654,99,2,54.7,3,99,5.63,99,0.1,431.9326,6.0682695576,147336,11.9004709718,6.3,6.3,0.701,14.3,0,0,0,0,0,0,0,0,0,0,0,0,0,0,0,0,0,0,0,0,0
"Turkmenistan",2014,"Developing",66,217,7,2.9,691.1333535,97,0,47.7,8,98,2.7,98,0.1,7962.365824,8.9824814487,5466241,15.5141017352,3.3,3.3,0.683,10.8,0,0,0,0,0,0,0,0,0,1,0,0,0,0,0,0,0,0,0,0,0
"Turkmenistan",2011,"Developing",65.6,217,7,2.55,490.4181326,97,0,45,8,97,1.98,97,0.1,5649.978486,8.6394070163,517461,13.156689439,3.2,3.3,0.665,10.6,0,0,0,0,0,0,0,0,0,1,0,0,0,0,0,0,0,0,0,0,0
"Turkmenistan",2008,"Developing",64.5,235,6,2.4,34.23979419,96,0,42.7,8,96,1.93,96,0.1,394.467675,5.9775371978,4935762,15.4120176262,3.2,3.3,0,10.5,0,0,0,0,0,0,0,0,0,0,0,0,0,0,0,0,0,0,0,0,0
"Uganda",2014,"Developing",61.5,38,68,0.01,14.16770158,78,314,18.1,97,82,7.22,78,3.2,719.172669,6.5781014805,38833338,17.4747896625,5.7,5.6,0.483,10,0,0,0,0,0,0,0,0,0,0,0,0,0,0,0,0,0,0,0,0,0
"Uganda",2011,"Developing",59.3,347,76,10.22,94.49686776,82,3312,16.7,114,82,9.9,82,6.8,584.3962137,6.3705792009,3593648,15.0946784005,5.9,5.9,0.477,10.7,0,0,0,0,0,0,0,0,0,0,0,0,0,0,0,0,0,0,1,0,0
"Uganda",2008,"Developing",56.3,41,84,9.79,72.85023656,71,1319,15.6,130,69,9.1,71,8.2,449.6928183,6.1085647237,31663896,17.2706876623,6.2,6.2,0.453,10.6,0,0,0,0,0,0,0,0,0,0,0,0,0,0,0,0,0,0,1,0,0
"Ukraine",2014,"Developing",78,23,4,8.06,5.663849328,22,0,6.7,5,45,7.1,23,0.2,314.658296,5.7514872754,45271947,17.6281981271,2.3,2.4,0.746,15.2,0,0,0,0,0,0,0,0,0,0,0,0,0,0,0,0,0,0,0,0,0
"Ukraine",2011,"Developing",75,24,5,8.48,415.1627705,21,1333,59,5,54,6.98,5,0.2,3569.75727,8.1802528809,45761,10.731187479,2.4,2.5,0.734,14.9,0,0,0,0,0,0,0,0,0,1,0,0,0,0,0,0,0,0,1,0,0
"Ukraine",2008,"Developing",67.7,273,5,9.46,456.4586664,84,48,57.6,6,91,6.63,9,0.4,3891.37823,8.2665186746,462582,13.0445791175,2.5,2.6,0.73,14.9,0,0,0,0,0,0,0,0,0,1,0,0,0,0,0,0,0,0,0,0,0
"United Arab Emirates",2014,"Developing",76.9,77,1,1.91,3862.68271,99,344,62.4,1,99,3.64,99,0.1,44449.7435,10.7021144704,8059440,15.9023546332,5.2,5,0.832,13.3,1,0,0,0,0,0,0,0,0,1,0,0,0,0,0,0,0,0,0,0,0
"United Arab Emirates",2011,"Developing",76.3,81,1,1.73,387.774991,95,0,57.1,1,95,3.7,95,0.1,4462.3129,8.403422498,7104538,15.7762442928,5.1,4.9,0.824,13.3,1,0,0,0,0,0,0,0,0,1,0,0,0,0,0,0,0,0,0,0,0
"United Arab Emirates",2008,"Developing",75.8,85,1,1.86,4003.908598,92,55,54.8,1,94,2.93,92,0.1,45758.9554,10.731142798,6302664,15.6564829591,5.1,4.9,0.829,13.1,1,0,0,0,0,0,0,0,0,1,0,0,0,0,0,0,0,0,0,0,0
"United Republic of Tanzania",2014,"Developing",67,34,86,0.01,0,97,88,23.2,121,97,5.58,97,1.4,1020.58961412348,6.9281357923,50351512,17.7345392065,6.8,6.6,NA,NA,1,1,0,0,0,0,0,0,0,0,0,0,0,0,0,0,0,0,0,0,0
"United Republic of Tanzania",2011,"Developing",58.3,348,88,4.04,0,9,1622,21.3,128,88,5.72,9,3.1,767.919979975074,6.643685535,46029367,17.6447901638,7,6.9,NA,NA,1,1,0,0,0,0,0,0,0,0,0,0,0,0,0,0,0,0,1,0,0
"United Republic of Tanzania",2008,"Developing",56.2,376,92,3.44,0,86,3413,19.6,138,89,4.21,86,7.4,671.126501762306,6.5089576464,42570728,17.5666774389,7.3,7.3,NA,NA,1,1,0,0,0,0,0,0,0,0,0,0,0,0,0,0,0,0,1,0,0
"United States of America",2014,"Developed",79.1,14,23,8.82,0,92,667,69.1,27,93,17.14,95,0.1,54494.8933210319,10.9058622757,319257560,19.5815087331,0.8,0.6,NA,NA,1,1,0,0,0,0,0,0,0,0,0,0,0,0,0,0,0,0,0,0,0
"United States of America",2011,"Developed",78.7,16,25,8.67,0,91,220,67.5,29,94,17.6,96,0.1,49664.0554152391,10.8130367193,311839461,19.5579990653,0.7,0.6,NA,NA,1,1,0,0,0,0,0,0,0,0,0,0,0,0,0,0,0,0,0,0,0
"United States of America",2008,"Developed",78.2,18,27,8.74,0,94,140,65.7,31,94,16.2,96,0.1,48430.4878271553,10.7878848082,304093966,19.5328473103,0.7,0.6,NA,NA,1,1,0,0,0,0,0,0,0,0,0,0,0,0,0,0,0,0,0,0,0
"Uruguay",2014,"Developing",76.8,117,0,6.03,463.6397821,95,0,63.4,0,95,8.58,95,0.1,16737.89827,9.7254307848,3419546,15.0450183517,1.5,1.4,0.791,15.5,0,0,0,0,0,0,0,0,0,1,0,0,0,0,0,0,0,0,0,0,0
"Uruguay",2011,"Developing",77,111,0,5.97,417.9117441,95,0,61.8,1,95,8.55,95,0.1,14166.4998,9.5586352874,3385624,15.03504879,1.5,1.5,0.78,15.5,0,0,0,0,0,0,0,0,0,1,0,0,0,0,0,0,0,0,0,0,0
"Uruguay",2008,"Developing",76.4,119,1,6.76,24.73142261,94,0,6.1,1,94,8.17,94,0.1,962.312164,6.8693388928,335824,12.7243424922,1.6,1.5,0.77,15.7,0,0,0,0,0,0,0,0,0,0,0,0,0,0,0,0,0,0,0,0,0
"Uzbekistan",2014,"Developing",69.2,184,16,0.01,0.442802404,99,8,43.9,18,99,5.84,99,0.1,25.448414,3.2366534228,37577,10.5341474401,3,3.1,0.69,12.1,0,0,0,0,0,0,0,0,0,0,0,0,0,0,0,0,0,0,0,0,0
"Uzbekistan",2011,"Developing",68.5,183,19,2.83,140.6905284,99,476,41.4,22,99,5.65,99,0.1,1564.966945,7.3556199813,293394,12.5892716946,3,3.1,0.664,12,0,0,0,0,0,0,0,0,0,1,0,0,0,0,0,0,0,0,0,0,0
"Uzbekistan",2008,"Developing",67.9,184,22,2.36,13.89021225,91,2,39.3,25,98,5.92,98,0.3,182.28625,5.2055782537,27328,10.2156670966,3.1,3.1,0.644,11.9,0,0,0,0,0,0,0,0,0,0,0,0,0,0,0,0,0,0,0,0,0
"Vanuatu",2014,"Developing",71.7,134,0,0.01,564.8167043,64,10,52.5,0,65,5.2,64,0.1,3148.36513,8.0546385907,25885,10.1614189293,1.5,1.4,0.596,10.8,0,0,0,0,0,0,0,0,0,1,0,0,0,0,0,0,0,0,0,0,0
"Vanuatu",2011,"Developing",71.2,141,0,0.85,457.9731742,63,0,49.9,0,65,3.85,65,0.1,3275.91684,8.09435306,241871,12.3961598052,1.5,1.4,0.591,10.8,0,0,0,0,0,0,0,0,0,1,0,0,0,0,0,0,0,0,0,0,0
"Vanuatu",2008,"Developing",75,153,0,1.18,345.339056,61,0,47.4,0,66,3.66,67,0.1,2697.961375,7.9002517205,22534,10.0227805587,1.5,1.5,0.582,10.7,0,0,0,0,0,0,0,0,0,1,0,0,0,0,0,0,0,0,0,0,0
"Venezuela (Bolivarian Republic of)",2014,"Developing",73.9,158,9,6.47,0,78,0,61.5,10,79,5.26,78,0.1,12001.3561405502,9.3927749341,30254079,17.2251415763,1.6,1.5,0.771,14.2,1,1,0,0,0,0,0,0,0,0,0,0,0,0,0,0,0,0,0,0,0
"Venezuela (Bolivarian Republic of)",2011,"Developing",73.8,158,9,6.74,0,78,0,59.9,10,78,5.24,78,0.1,10843.9464477336,9.2913622722,29185212,17.1891727006,1.6,1.5,0.756,14.1,1,1,0,0,0,0,0,0,0,0,0,0,0,0,0,0,0,0,0,0,0
"Venezuela (Bolivarian Republic of)",2008,"Developing",73.2,168,9,8.18,0,53,0,58.2,10,76,3.98,5,0.1,11249.8678467518,9.3281116606,28053696,17.149630946,1.6,1.5,0.745,13.4,1,1,0,0,0,0,0,0,0,0,0,0,0,0,0,0,0,0,0,0,0
"Viet Nam",2014,"Developing",75.9,128,28,4.09,0,95,15033,16.7,35,96,7.7,95,0.1,2546.38464336169,7.8424298452,91679578,18.333810208,14.3,14.7,0.675,12.5,1,1,0,0,0,0,0,0,0,0,0,0,0,0,0,0,0,0,1,0,0
"Viet Nam",2011,"Developing",75.4,131,29,3.94,0,95,750,14.7,36,96,6.2,95,0.1,1950.92504301435,7.5760589201,88468314,18.298155012,14.4,15.2,0.655,12,1,1,0,0,0,0,0,0,0,0,0,0,0,0,0,0,0,0,0,0,0
"Viet Nam",2008,"Developing",74.9,135,28,3.58,0,87,352,12.9,35,93,5.53,93,0.2,1343.1224446713,7.2027523649,85175788,18.260227773,14.7,15.7,0.633,11.6,1,1,0,0,0,0,0,0,0,0,0,0,0,0,0,0,0,0,0,0,0
"Zambia",2014,"Developing",61.1,314,28,0.01,196.6675768,86,9,22.8,41,78,4.99,86,4.3,1738.8822,7.460997772,1562974,14.2621009746,6.3,6.2,0.57,12.5,0,0,0,0,0,0,0,0,0,1,0,0,0,0,0,0,0,0,0,0,0
"Zambia",2011,"Developing",58.2,366,29,2.57,183.0461695,81,13234,21.2,44,83,4.26,81,6.3,1644.619672,7.405264434,14264756,16.4733024377,6.6,6.4,0.543,12,0,0,0,0,0,0,0,0,0,1,0,0,0,0,0,0,0,0,1,0,0
"Zambia",2008,"Developing",55.7,45,31,2.12,153.6783754,87,140,19.7,49,9,4.87,87,11.9,1369.68249,7.2223342328,1382517,14.1394163089,6.8,6.7,0.504,11.4,0,0,0,0,0,0,0,0,0,1,0,0,0,0,0,0,0,0,0,0,0
"Zimbabwe",2014,"Developing",59.2,371,23,6.5,10.82259524,91,0,31.3,34,92,6.44,91,6.3,127.47462,4.847917286,15411675,16.550635897,5.9,5.7,0.498,10.3,0,0,0,0,0,0,0,0,0,0,0,0,0,0,0,0,0,0,0,0,0
"Zimbabwe",2011,"Developing",54.9,464,28,6,63.75053034,94,0,29.9,42,93,6.31,93,13.3,839.927936,6.7333160977,14386649,16.4818111817,6.8,6.7,0.452,10.1,0,0,0,0,0,0,0,0,0,0,0,0,0,0,0,0,0,0,0,0,0
"Zimbabwe",2008,"Developing",48.2,632,30,3.56,20.84342867,75,0,28.6,46,75,4.96,75,20.5,325.678573,5.7859109226,13558469,16.4225219285,7.8,7.8,0.421,9.7,0,0,0,0,0,0,0,0,0,0,0,0,0,0,0,0,0,0,0,0,0
